"Number","Centroid_Sequence","Start","Stop","Sharp.5.","Sharp.3.","Dup","Region","Notes","Bind.Site","Target_Contig","Target","UTR_sequence","Target.Annotation","Protein.Seqeunce","KEGG.Annotation","Gene.notes","Free.Binding.Energy..RNAup...37.C.","Duplex.energy","Expression","Notes.1","direction","temp_start","temp_stop"
"M-sncRNA-1","aggggaatggcagaaaagc",3616,3598,"Y","Y","N","tRNA-Leu","One mismatch at 3' terminal","3' UTR",354,"FUN_004991","AGACGAATAAACTTAAGTTTAAATACTGCACAGATGCACAGTAGGAATATATATTTAAATTTGGGATTGTATAAAATACACAGTAAAGACATGTATCTATCTAAGTTTAGAGATTGAACATACGCACATAATGGATACATAACAAGGAATTATCGTTTATATTCCCATCTATTCACAGGATTTTTTTTTTCAGTATTGCGCCAGTATTGATATATTAGCGACCAAAACTATTTGTACATGCAACAGTAATGTTTTCAAAATATATTGTAATAAATTTAAAAGAACTAAGTACTTTTTGATTTCCGAAAAAGATTTTATAATTTAGTGGCGTATATCCATCATGCATGACGTTCAATTTTGTTAAAGCTTTTCTTAAGGTAGTGTCCATGTTTATGCACGTAGTTAGATGGATGTTGCAAAACATTTTTGTTTGTACTGGTAATGATGTGACATTTACTTTTATCCTGATGACTTTGTGTTACACTGCAGTCTCGGTGTTTCTTTACATAGAAAAAGAACAAAGCTTTGTTCGAGTGTTGACCAATCATACATGCGAAAATTTCTATCAGAAGATCAAGAAAAAAATCATGGTTCCTTGACCCATTCAGATCAAGACTTACTTAAAAAGTCAAAAGATATTTCCTTGTTATTGGCTCCCTTGATTTTCTTCATTTTCTGCCATTTTCCAGGTCGATGTACACTTTCGTATCTGAAATCCAATTTGCAACACAACCATTTTTGTATGCACCAATCATAGAACCAAATTCATAGCCTAGTGGAGTCTGATTTTTGTAGTGTTAATTGGACGATTGCTAAATAATAACTTTATAAACACGTTTCGGTGTTGTCCATAAAGGACGTCCACAGATAATACCTGTTTTCCTACCCCCTCTTCCCCTGTCCGCCTTTGTCCTCATGTGGCTTATCCCCCCCCCCGGATACGGATGTCTCCATCTAGCAGGACTAGCAAATAGGCCATGTAATGACCCTCAAGCTCAGGGAGCCAAACCTATATATTAATGCCAACCCATTCATATACATTACGTGGCACGAATCGTACAAATTGAAATTGACAATTTATACTTCATGTTACCCATAAAGGACGTCCGCAAAACATACTGGAATAGACGCAGTAGGCCTAAAGCAGCTGTTAAACACAGAATATCATAAAAATAAATACTAGCTTGCGGACGTCAATAAGGTCCTTTACAACCCCTCCCCTTTTGTCTGCAGTTTTCCTTGTTTGAACAACCACCTCACCCCATTTTTGCGGACGTCCTTTATGGACGATTCCTTACTGCTTTTAGATTTGTATTCTTCGCGTGTTACACATCCCTATTCTTTTTGTTGCCAGCCAAATAAAGATGATGGTTAAACATTGTTTTGTCTTTTTTTTATTACGGCCCACAGTCACAATAAATTTGTCCAATACAGAACGTGGGTTAAACTCAACTACTTAATCACCGGTCTTGGGGTTTAGTTTTTCTTATTGTGTTGGCAACAAAATTGCAATGAAATCTCGCTTAAGATTCAGAATCTGCTCAAATTCCTTACGTTTAATGTGCCAGTGCTTGGTCGTCAACCAGTCAGATATCAGAAGCTTGGCTTAAAACTGAGTATGATATTTTTTTTTGTAATATGTTGAACGTAATCATATCATGTTTAAATGTTTCCCGGCCGTTGCTACACAGACAGTTTGTTGTTGCGTTATGCACGAATCGTAAACCCAAGCCTTTCCAGGCACGAATAAAAAACATCCAAC","Hypothetical","MAAENREGRTSYDYIVIGCGGIGSGALYWLSKRAKGGVLGLEQFKLGHDNGGSQDHSRIIRLTYHDPMYTKLTPHTYTCWEEVEKESGLRVLYKTGSLQVARKGEMDDLIKKYADSMKKENIDYEWLTGSQLRQRFPQFTTDDRYIALYQKDGGLVDAALCNAVHTQLARGNGATIIENCPVTRLEKDQQGNICVYTTKGKFYCRKVIVTSGAWINQVLSSTGVHVPVYVTQEQVTYHATPHMKDFTKDKYPIWFFHDPKYDFYMMPINNNSGPKIGIDAAGPVVTAHTRTFEPDPVREKACEELYKELVPKALGPRLYTKTCLYDITPDRNFVVDTCDKYGWKNLIVCCGAGHAFKFASLLGKILSEMAIDGQTQYDISHFNIDRKALTDPNYEPIFYYGTDKKAFDKTTHQKAKL","MSOX (Monomeric sarcosine oxidase-like)","Catalyzes the oxidative demethylation of sarcosine. Can also oxidize other secondary amino acids such as N-methyl-L-alanine.",-17.37,"<-20","Female-biased (0.58)","","reverse",3598,3616
"M-sncRNA-1","aggggaatggcagaaaagc",3616,3598,"Y","Y","N","tRNA-Leu","One mismatch at 3' terminal","3' UTR",687,"FUN_011807","CCAGAACTTTCCTGACCATTTGTAGGCAACAACTAGTTGGCAATGTCATTAAATACATTTTTATCCAATGCTGTAGGAATCTGGTAGTTAGATACCAGAGCCAGGAATTTCCTTTGTAAAAATAAATATCACAATCGATTTTGCTTTGAGTGTAATGAAGTTTGTAACATTAATATTTACAATGCTCAATCTGATCACACGGGTGCTTTTACTTTTAGACCACCAGCCATTATCATATGCATACTAAGTGATGCTTTGCAACTGAGAAGTGAGACACTTTTGTTGATTTTCTAGTTATTAAAGCATTTACCATCTGCACTCAAGGAGATTGTACAATGCAAACTTGCTATTTTACAGTATTCTGTGGTGATATATGTAGTTGTAATCCACACAACATGGTGTCCAGATGTTATAACAGATGATTGCTGCCCCAGTGCCAATAATAAATATAAATATCAGTAATGTCTCTGCTGTTATGTAGTTGTAATTCATGCAACAGAGTACCATTGTCATAATACATAATTGGTGCCACTGTGCCAATAATAGAGATATACAACTGTAAGATCTCTTCTGTTACATGCAGCTCTAATGCATGTGGTCACTTCAGCACTGCAGATCATGACAATACACAATTGGAAGTGTGTATTTTTCAGAGATTAAACATACTGACAAAGGAAAGAAATGTTCTCACAAAAAGAGCTGCCATTCCCCATTTTAAAAATGTGTGAAAATATTCCTAAACAGAAAGACCAGAGAGGGAATTCTCATCAGCTGGAAGATCCTGAAGAAACCGCTATTCATAAAAGGATTTTAATAACAATACAAATATTATTTCAATGGCAGTCCAGTCAGATTGAACCTTTTGTATTTGACTCTGTATTTTGTAGTGATGAGAAAAAAAGGCTTGGTACAAACTTGCCTATGGAAAAGTACATTAGTAGTCGGTAATATGGTACCCAATTACAGCAAGCATTACATCTGGAAATCATAAAGGAACACTGTATTTGACCTCAAGGATAGTATGTAATTGAGCCTAGTAGGAAACGTGATGTGTAATCCTATTTCTTCATTATCAATATCAAGTGTATCTGGGCCTACCTTCAGTCAAGAGTGTTGTGCATAAAAGACTTCTGTCAGGAATCTTCTCCCTGAAGGATTTTGTAAAATTATTTCCTGTATCATTATTGCACTTGCCACAGTAGTAAACTGTAAGTGGGTGAAATGAATACCAGAAATGGACCAGATTCTTTTCATGCATAAAGGTTAAGATGTACTTCAAGAAAAGAACTTAACCTTTAGAACAAAGATTGAAACAAGAAAAGGAGGCATCAATCCAAGACACATCAGAAGATAAATATTGTCAGTATCACAGCAGTATTGAAAAGCAATCATTTATTTGTACAGGAATGATTATGCATACTTGCAAAATGTTATGCTTGACAAGTGTCAACTGATGAAGTTTCACATACCAGCCAATTGATTAATTTTTATGCAAAGTTTGAGGAGTCATGGTGATGTTTGCAACAAAATTTTACCAGAGTCAGATCAGACCCAAGCAATCTTTAATGTAAATTTTTAAGATAAGTTTATATTATTTTTTGTGAATAATTTAGGATGACTACATTAATGAAAGATGTCATCTGTACCTAATGGTACCTTTTGTTATGGCATCATTATCTCAGGGTACCTCCTATTAAGATTTGTCCATTTTAGAGTACCTTGTGTTTATTCTGTAAATTTTATACATTTATATTGCATTGTACAAAATGGAGGTGCAAGGGTTGTATGTGAAGGATAACATTCTTCAGCTTGCTTCAGGGAACAATTTAGTGCCAGTTACAACTTTTACGAACAGAAATAGAGAGAAAGGATTCCAGCCAAAACATGTCTACAGGTCTAGCACCAGGATTTGAAAGTTTAGCTGATGCAGAACATTCATCTAAATGCACTGTTTTTAAAGAAATTATAATTAGACTTGCAGATAATAGGGCCATCATTAACTGATGATGTTTTACATGAGGATGATATAGACTTGAAACATTAACATAAATGAACCTCATTATCTAATCCATTATAATATATGAGCAGGTTATATTGGTCATGCAGTCTTCTGAAGAACTGACTAGTTGGAATGTGGTTTTTCTGGGAAATGTACTTTTGCATGGAATGAGGTTTTTCTGGGAAATGTACTTTTGCATGTATGGAACAGCATAGAATGGGGGATTTGATGAACCTAATCATCACTTTAAAATCCAAAGTTATTATTTTATTATTTCAAAGTTTTTAATGCATGGTATATGCTTGTAATAATTGCAGTAAATGAGATTGTGATGCAGTAGAATGTATAGTCTCTTGATTGGTGACAGCACTATATAATCAATATTATATAAAGAAATATGTGCATTTTAAGCTTGTTCTCAAGACCTGGGTGGTCTTTCAAACCAGGTTTTGCTGTTATTATAAGGCCAGTAAAATTCATTTTGAAACAGATTTAGAAATCAAGTATAGTTAAGCAAGAGCAGTTAGCCTCTATTCATCCCAACTTTCTGAGTTTATTCCCATTACCTTTTCACTGCTGCCTCATAATCTTTCTTGGAATGAGAGCCTCATCTAGGAAATTTATATATACATGTATGATAACCTGTATCACATGCATTCATATGTAATTGTGGCAGTAGAAAACATAAAAATAACATGTATTGAAACTTGCTTCTATATATTCTTCCCAAGTTACTTGACAAGGTGTGGTTTCATATGAAATGTTCCAGTTGAAATTTCAACCCCTTCTGCAGTATACATATGAATTTATCAGTATTTAATATCACTATTTAATCAAATGTTATTGTACTGAGGAAAAGTCCTTCACATTTTGTTTTTAAATTTTGTTTTGTTTGGGCAGAGATGACAATGATAACAAACAAGCTCTTTTTTACAACTATTGTTAACTGTAACATAAAATTTATTAAACAAACAGAATTTAGTTGGTTACCTATTCACATTGAAGGAATGACTCATTATTTTTTATTTCATTTACCTCTACAGGTTACTGACCAGAAGAGCCAATGGATGGTCTGTCATCCATTGCTATCTAAAGTTTGTTATGGCTTCTCCTCTAAAACTACGTGGAGAAAATGACATGTAGGTTTATGAACACATTCATCCCAGGGTATAGTTGGTCCTGAATAATAATGGTGCTACTTGAACATCCAATATATTGGTCTATGGCCATCTTGAAAATCTTGTTTCTGCTACTGCTTTAGATTAAATGGTCATATCAACATGGTGTTTTCACCACAAGACATTATATGATGTAAAGTTAGTCTTGATTGACAATGGTTCTGATCTGAGGGCCATTGTGACTGCATCAGAGGCCATCTTGAATGCTTCTTCTGAATGGATGGTCATATAGACATCAGGTTTTCAATGAAAGATTTGTTTGTGCTGTCTTTATTGGTCTTAATTGAAAATTGTGCTGAGCTGATGTCTATAATGGCCACAAGAGAGGCCATCTTTTAAAATCTTATTTCTCTTTAATAAATGGTAATGTCATGATGTGATTTTTAATTCAAGACATTTTTAATGTCTGGTCATTTGTAAATGAACATTGTGCCAGCCTGACTTATGTGACTGTCATCAACAACCATCTTAAAAACCATGTTATCACAACTTCTAGATGGTTGGTCATGTTGACATTGGTCTTCCAATCTGACTGGTACAAAAGAGAAATAGTTCCTTTTTGATATTTAATTTGGCCACCATGGCATCCATCTTGAAAATCTTGTTATTTTTACACGTAAAAAAAAGTATCAGTCATTGGTTTCCACCAGGAGATTTGGTAACCTTGTTTGTCTTATCCAGTATATTTATCACAGCAACTAATTTGAAAATCTTGTTATCGCAGATAGAATATCAAAGATGGTTTCAGCACTCGGCAGTTCAAGGGAAGAAATGATATTATTGATTCATGGAAATTCTTTTCAGCAAGTAGAGCGGCATTCCCTTTGAGGGAATTGTGTTGTGGGGATGTTAAATTTCTTTCTCTTTTATCAAGGGCATGACTTAATGTAAAGTGGCAGTCATACCGTAACATGTTTTAGATAACCAAGCAAATTTAAATTTGAATTTTATGTTTAAGATATGCACGATAATTTGATGTAAGATTTGTGCAGTTGTTTAGTTAAAATTATAAAGGACAGTAGTGTGTGGGACAGATCTAGCAAGGTTTTTATGTAACATTATGTACTCACTTGTAAATTGGATCCAACATGGACCCAGATCTGCCATCACATAATGGATGGGGAGATCAGGATCTATTATTTCTTGCTGAATTGGCTTGACAAACTGTATAGACCTAGACCTTCTAGCAGATTATCCAACAGAAAATCTGGGTCCATACAATATGGATCTGACTGATATATTAGCCATATTCTGTTTATATTTTGTAAATCTAGCAGAGAAAATATAATCTAATTTGAATGACAAACATATTTTGCTGAATTTGTCTAGGCTTGTATACTTTTTACCTCAGAATCTGTTTGTACTTGCATGTAAACTATTATGGTTATCAAATCTGTACCACCTATGACACAGGTAAATAAAATTGGTGACTGTCACATTTAATAGTAACTTTAAACAGATCACCCTTCCTATGAACGATGAGTGCTAATAAAAGTTGCTTGAAATGGTC","Hypothetical","MEGKKSRSKRGQKRRLDIPDDKLRKLTRKNKSTPDVGTAKDAKEKSVENEQGGSTNAEKQSSPKSDRESPEPTCAICLGKLENKSFTDSCFHMFCFVCLLEWSKVKAECPLCKQSFKSIVHNVRSYDDYDQYHVPRPEQRDATELFDRRFRYRTTLTGDHRYVIPHDASLLQQQLELDLLQRPSRWSGALTAHAQFRARRQAATSEFRRRIYQNNLRIMEPRVKRQRDASPGFYHRNPACTHRLLPWLNRELNALLHNHESHVAFVIELIMSLIMRFPIDSEEFFQHVYPFVGRHTRQFMRELLVFARSPYCMTAYDQHVMYEPQADTIESDSDSSSEHSDGNNSDIVILSPSEFPAENMSRNERQHRYDRRTVNIPPNLFGNPTTFLQEPAEEHRFSFEDLTPFLERVRRELEVETAATATSGWDSPTPGPSWFGNSSSSAEPIQVDSSEGASDSEATIPATSPRYDRELERVSSSMLTKEKVRVKKNPHQSQASEDSSSDSSNNECDVEIIGYEKPWLERSPVALMSSDDDVDRSGRNYDENETEVRVKSETKKHKKNKHRTWSDSRSSRSKSSGKHSIGDGSYSRATSSRSSSRSVEKCSKLYSHHKSDAHGYKHKKFSYSNRVSSETCSERHRHKSDKSLLLASASPNSTSSSGTERGSRHISYRCRHRTRSRSSSIEIIEYKERNSKHKRKKKHKKHHKKHKYKKDKHKKMDTARSKDHDVQKILDSDEMITSGQDGLLSAPERGYIYASGEGDKQDHSVMTIPSVVVKVNAGMHGHGSFSEKSSESEKSSNNSGGDSNGDKPSKKTFKKHPSGHKKSSTQTSRMNASLDKTSQDACTKNKEDILDKESSNEENVSEERLANHFVDTSLWTTRYVDFEPGLTNNMDDSIKHANRNKDTFEEPQTLGGSRQELKTDTGVKWTIKVHTSENPGFISYSCETEKSINQNSDDEPSLKESQIREKNLKADTQHSYRKKVSILPGKVVDNSECSRNEIGNSTPISGGDGGENSVQAVGTLHKDLFNHRYTDQWTDEGMGSSACDPYLIQNGINSTKMEITQRAANFCVCNDTTHSKVYQEENTGKELPQKTSTAREPLDQIQTGLCNTYYTSGKAKGISLSADSSVVDVCHTHDTVQEKNFLSAEVHDPNDNLRQQCESGMQGYQYNFNQSKDTFSSEHQQYQMSKDLESMSGDLYEKLGYYAETPRLVEHSYKEPSPYNNSLFSSQVRFNNLMAYHDSDSSSSDKTVDESSSAISPIVSLLTNVGIEQSRKTPENDEESSSSWAKDESSPLAIIYSDASRSVTQSPVSQSCEVSDLLPSAYTTSFSGVRIQNTNKVDGTYTEDSSSRDLLDASLFKTSTGTQLQMSETEIDMKEKNYTQVVSLGSSLPSNNETEVLSTHFEIDSDKEIDELSVEDVLTCAPASDNELALSEPFTASKEQTNEDMHSSKES","E3 ubiquitin-protein ligase Topors-like","Functions as an E3 ubiquitin-protein ligase and as an E3 SUMO1-protein ligase. Probable tumor suppressor involved in cell growth, cell proliferation and apoptosis that regulates p53/TP53 stability through ubiquitin-dependent degradation. May regulate chromatin modification through sumoylation of several chromatin modification-associated proteins. May be involved in DNA damage-induced cell death through IKBKE sumoylation.",-19.41,"<-20","Even expression (-0.08)","","reverse",3598,3616
"M-sncRNA-1","aggggaatggcagaaaagc",3616,3598,"Y","Y","N","tRNA-Leu","One mismatch at 3' terminal","3' UTR",787,"FUN_013869","CATACGGAAAGAAAAATATCCGATTCGAATTCAGTGTGTGCATGTACATCAGCATAGTAATGAACATGATTGTTGTTGTTGGAGTTGGTTTGACAATTATTACTTCATTTGGATGTTAAGCATATGTATTATTGTCCAACTAATGTATTTGCCTTTTTTTGGTTTCTCTTTAGCGATAATGTGAAACTATGAATGAATGTATGTGCATTACAGGACGCCTCTTGTGGTTGTCTTAACATTTGTCGAAAAGAAAATATGTTCTACTAAACGGTAACCGATCTGAGTTAGATTATCAATACAGGTCCTCTGCACTGATCCAATCTGGGACATCTTTTTTTATCATTTACGTAAATTTTCTGCCATTTTCCCATAAGGAGGCTGAGTGAAACTCCTGCATATATGACACTGATGTTTACGATGCTGATAACAATGTTGATAAAATATGATCCGTTGTTGTTGTTGTTGTTGGGCTTAACACTATTTTTCAGCACACGATAGGCTATTCATGGCGGCCAGTATTAATGGTGGAGGAAGAAAGCGGGAAATCACCGGAAAGAACCACCGACCCACGAGAAGCTACTGGCAAGCTTACTCACATATCCACATTCGCCGAATCATAGACTCGAACCCACGCAGACAGAGGTGAGATGGCAGTGATCCGTAACGGACAGCGCTTTAGACCACTAGGCCACTCAGGGCCCCAATATGATCCGTTATGCATCCAGAGTTTACTAATGATTAGTGGTAAATTGAATGCCAGAAAATATCAGATAAACAATGTTTGGTCTACAAGGATAGAAGTTCAACTCTCAGAATCTTGTATATCTCCGAAACGCAACAACGAGGCATCATCAAGAGCAGAAAACCGTGACTAATTGAGTATTACTTTAAACAACCACTTAACTTTCAAACAATAATTACATCAATTAAATGATAAATCAAATGGATCTACTCTAATGATAAAACAAATTTATTTTTTCATCCCACTAAGTAATGTTTAGTTGCTTTCCGAGCTATGCTTCATATGGATTAATATATTTGCATTCATATTTATATCTTTCAACACAATGCTTTATGTTGTTTTCTTCATGTTTCATATTGCACCTTGGCTGTCTAGATTACAGCTCCAATTTCAATGTCATTAGGCTTGTATCACTTATGTATTAACTTGTACATATATCCGTCCTTAAAATACCTTTGAAAATAGGATAGTCTGTTATTGTTGACATCTTTGATGTGGTCACCAAAGTCACCAGCTTCAGATGAATAACCCTGCACATATATACCACCATGTTGACCAATTCTGCACGTCGGATAATTTTTACGTAACAATACGAACTTTCCTTAAACATAGCTTCTCGTGTTATTTTGTGTCAAAAATCCATTTTGTATCAAGAAAGAACGATGGTACTTTAATTAAGAAAAGTGATATTCATAAACTGTAGAAACAATATATCACATTTCGACTATAAACCCATATGTAAATGGGATTTCTATGTCAACATGAAAACCCACTCCATGACCTTTTTGAACGTGTAACCCAGAAAATCCTATTTATTATGCATTTGTTAGAATCATACAAATAAATACATTATTTAAAAGATAGAAATATATAACTCAAAAAGACTGGCATCTTGATCAAAGTTTCCAATTCTGCAAGAAGTTGTCCTGCACGTACAAAATCGTATGCTACCAAAATAGTCAACTTGCCGCTAGAACGGGATTTTCAAGAAATTCCCTGGCGTATAGTCTGTTTCTAAATTCTTTTGATATTTCCTGAGCACAAGACGTTGTAAATACATTACATAATATTCATTGTTCTTCCTCTTTCACATAATAGCTCTTTTTATATAATTTTGAACATTGCTAATTTATTGACAAGATCGGTTTAGTTTGCTTCATGTCTTTTGCCATTTATTGGATTTGTTATTTTGAATGTTGCATAACTAGCTGTAAACCTGACCTAATTAGTCGACTGAACTACTGACAAAAACAGACCAAAGTAATGTGTTTCATTTCTATAGTTGGATGGATAAACATTGCATCTTTTCAAAGTTGTGTGCAAAATAGGTGGACATATCGCGAGTCATGAAAACAGAGAGTTGGTATCCTGATCATCCAAAATTATTACTATTCTGAACAGAATATATGTCTTCGTGGCATAATAACCATTTTAGTGTCAGGCTATAGGTAACATCTTTGGGATTCACAGAATTTACCCCTAGGAAGGGGACTAACCTTCTACACACATGTACACTATTCGCATAATCCTTGAATAAGTATTTGATCTTAGATCATATTTTGATATCCTGTGTGCATGCTGGTTTACTTTGGATCATGAAACTTGGTGACCGTATGCATATTGGCGAGTTCAATACCCTCACTGAAAATGTAAGTCATAATTCATATTAGCCCACTTTTGCAGCAATTGGCTTTAGCTCAATTCTGTGTTTCAGATTTATTTCTCAAGCTCTGTTTATGTCAGAATCGTCAAACAGATTTATAAAAGGCTGCTCCATTTGCAATATCCTTTTAACAAATTAAGGTCACTGCATCCTTCATTACAACTTTACTGGGTTATATATTTCCGATTAGCTTATGACCAAATATATGTTTGCAGTCGGTATACATACTCATATTCATAAAATCATGAATTATAATAACGGAATGCATCTTGATGAGTACTGCGCCCGCATAATATAAATAGATCACTGTGTCCATATTTTACTTTTCGTTGACCTTTGATTTGGTTAGTGTTTTGGGTTTTTATATCAAGCACATTTCATCCTATCATCATTTGTTTCATTCATTAAAGTGTTCTTTGACATGCTTTATGCAAGTTATCAAACCTTTTAAGATTAAGAATGGAG","Hypothetical","MDLLKNDQLKLLLCFLLFMVCSCTDGQIMLEEQLYHGFGCYGDHDEYGFINASCPSGSVIAPVDVTYGAKLRNQTTCTGYILRNNTLDYYQLCCKPENTDCLKIKETNSPYQSCTGRAACIPSIRVEWLPLTNTMCDLLQYGSVYDTSVTSYMIFKYFCVEETRVYAVSSVDATVNASIIYLWNSGYPYSQIPANTKTKCSVEMENCLGTISVITVHVSFPTGSNGTCSHSIKILTSNGEVVQTLSCAVYKNITSIYTSSDTYLYIETENLSGNQSGQFWLGFQATTSSTFHVSCPGKDRIYCLPNTTTSTSTSTTTTTTTLTPSSSTTTTTTSTTTSIPTTTKTTTKPTIQSTITTTNITVSNKSSSIPTNSNIAIIVGVVLGAVVLISIIIILWILWRKFKKRETIPPEETMIESTSLHLPSNYGVPPADHLIGTSKTRRRKHKKQKHKGEMDAENDKTGKKKKEKRRKKTKKKHRYRDHHSYDTNIQTENMDQSDLKMRHTDVGENLSVAHLDILDKTETMNRVDPVPDDSKLHHRKRKKRRREPLSVVEESEQAVYKNNRDRHGKRKKKRNKHSQKEDKSQTYAGEERLPQFQEPVHTFVNEVYPSNDPN","mucin-(17/22)-like","Mucin genes expressed by human female reproductive tract epithelia",-19.12,"<-20","None","","reverse",3598,3616
"M-sncRNA-1","aggggaatggcagaaaagc",3616,3598,"Y","Y","N","tRNA-Leu","One mismatch at 3' terminal","3' UTR",1681,"FUN_029868","GTGCATGTCATATATTGTATGTATTCATTATTTTGTGTTGTTTTAATCGCAGCGTTCAAGGATAGGGATGGAAAATCTTTCAGTAAACTTTAATACACCATACCATTTGAAGTCGTAAAGAATTAAACCTTTAAGTTTCAATGTTGATGTCTTGAAAGATCTTACAAGATACTAGATTAACTTGATTGAAATTAAAATTCTATAGATCTGAAGTTGAAGTTCGTTTATATTAAATCAAAAGTTTATATGCATTTAGCTTAGCAACATTGATACAATTGTTATAGCTCCAATCAGAAGAAATCTGAACTAAGTTTACGACAGCAAGTACGATCCTAATTTTTTTATATAATATAAACAAACGTCAATTTTCTTTCCATTTACCAATAACGAGAATTTAGATCGTTATGCTTTGGTACTGTTTTATATTTACAATCTGACTCCTCAGTTTATTGTAAAGTCTTGCATTCATTTTGGCATCGATGATCCAGGAGATGCGGTTGTTAGATTTGTGGTTACCCTCATGGCAGCCCAGTCCATGTTCACGAATTTAATGCAAATATCTAAAGGCATTATGCAGGGTACTTGACTGGGCCAGATGCATAATTGTTCTGTATATACAAAAGTTAAACATGTTAAAGTGCCATATTAACTCGAGTTCAGGTATATATAAAACCATTGTTTAAGGAGACGTATCTCCACCATTTTTACTCTCTGCCATTTTCTCCCATAAAGAGACATACATGGTATAGTGTGTTAAGATTTTGTATCCGCTAATATATATTTATATAATCAATGAGAAATTTATGTGAATTTCTGCCATTGAACCCATATACAGTAGTAGACAGCTTTCACGCATTACAAATAGAGATCAACATGAATCATGTAGATTGTCCCTGAACTTACAGGTCCTGTTGCTAATCTACATTTTCTGTCACACTTACATTACCGTATACCTATTCAACTCAATAAAAAA","CARNS1_4","","","a member of the ATP-grasp family of ATPases, catalyzes the formation of carnosine (beta-alanyl-L-histidine) and homocarnosine (gamma-aminobutyryl-L-histidine)",-16.02,"<-20","Male-biased (-0.66)","","reverse",3598,3616
"M-sncRNA-2","aagatgcgtagaatatgga",16163,16181,"Y","Y","N","MORF","Perfect match to reference","3' UTR",2347,"FUN_044554","ACTTTTATACACAAAATGGTCTCACAACAAAAACGTCTCCATAACATATGATGTTGTTAAACCAATCTATGAAATAGGAAATATTCATTACTATAAACTGAAACCGGGCAATGTGCATTGAAGTCTTGCATAGTCACTCAAAGGTCCATAAATCTTACCTCTTTTGAAAGATTTCTACGCATCGTTTGTTTTCTTGTACTACTACTGTTTTCTTTCAAAAGTTAGTGGCAAGCAGATATGCCTAAATGTGAGTACAAATTGTAATGATGACAAACGAAATACAAATATTCATGACGATTTTCCAGGTTCTTGCTATTGCTACTACTACCACCACTTTAAACCAATTATTATTATT","GCNT1","","","Selectively involved in synthesis of mucin-type core 2 O-glycans",-12.53,"<-20","Female-biased (3.75)","","forward",16163,16181
"M-sncRNA-4","agatacctgccagtctgaa",7724,7706,"Y","Y","N","16S","Two mismatches at 3' terminal","3' UTR",1234,"FUN_021787","GAACTTGATCTTGCTGCATCAACACAAGTTCAAAATAGTACGCTCACAAGAGTATTTGCAAACACGATGATCAGCATGTTAGACCATACTCTACCAGAACATTTGCAGCTGGTCTAAAAACGGTTTTAACAATATTTTTTCAGTTGGCACTTACCATGGATAAAAAATTCTTAAAAGATCATTTTGGGTCAGAATATTTTGTTGTTAAAGAAAGAATTCAATACAAATATTTTAATCATTGAACTCCACTCGTGTTCCTATGTATACAGATGACCGTATCTGTATTAACATAACTTTGGCTTTTTGTTTTGTACAAAATTTATTGTATTTTTTTGCTTGCTGAGGTATATTTTTATACGAATTTATATCTCGAATAATAATCATGGAAGATATTTTTAAAAAGCTCATGTTTATACATCTTTAAAAAATCTGCCACATAACTTTGCTTTAATAGTTGAAGTTGAAGAATTTTTGTAAGTGGTGACAATTATAGTTAATAAGTGGGTGAGGCATGTGACCAGAGTAATCACTATCAGATATATGGACTGGTTTAAAATTAATCTATTTATGATATCAAGTACATGAACTGGTATAAAATTAATCTATTTATGATATTATCAAGTGTATGGACTGGTCAAAAATTCTGCATTAAGATATAATTGCCTTGAATGTGCAGGGTTTGTATAAATGTGTTTTCTGACATATTCAGTTGATGTATAATGGTAGGTTCAACAAAGATATGAAATCATGAAAAATGGATTTTTCTTTCTCATGTCTTTATATTTTACCCAGAATGGACCAAAAGTATTTTGGTAGATTTTCAAATGAAGAGTACCATATTCACCTATGTATAATGTACATCTGATTGGAAACTGTAGATCTCTCACATAATGTGAAGCTACATCAAAGACTATTCTGCTTAAAGGAAATCATGGTAGGACAAATATAAACTCATCTTTTAGTGCATTATGCAATGAGAAATCGAGGTGTATGTGGTTGTTATTTTGGTGAGGCTTGTTTGCATAACAGAATAAATAAAAAAATAAAGAATAAAGAATAAATAAATAAATAAATAAAATGTATAATGTGAAAAGACTTGTTTGCTTACCCTTGTGACCCATAAAATGCTGCATCAACACAAGTGAAACCTAGGTATGCATCAACACAAGTAAAAGCTAGGTCATTTTAAATAATTCTTATATTCATGAATGTATTATATTTTTTCTGAATGCAAAGTTTACATACAGTCAGGAGAATAGAGTAGTATTATAGTGTTGTCATAATTATGGTCATTTTGTGATCCAGTGGACAGATATAAATAACATTATATATTTTAGGAAAAAAATGAAATTCTAATCTGGACTAAAATTTGATCATTTTGGTGAATTGGATCTTGTCAGTGGCAGTAGAATTTGATAAAAGAAGTATATATCACATAACAGGATTGAGTAAATTCAGTCTGTTAGAATTTATCTTTCAGCTGAAGCAACAGATCTCGGCAGTGACTTCATTACTAAAATTTCAGCCATAAAGAATGTCAGCATTCAGGTAAAGAAATAATGTTGTTGTTGTTCTGGGGCTGAACGCCATTTTTTAGCACACAATAGGCGATACATGGCAGCCAGTATTAATGGTGGAGGAAGATTCCTGGAAATCAGCAGAAAGAACCACCATCCCACGAGAAGCTACTGGCAAGCCCTCTCACATATCTACATTCGCCAAATCTTAGACTCAAACCCACGCAGACAGACATGAGATGGCAGTGATCCATAATGGAGAGCGCTTTTGACCACTCAGGACCCCCAAGAAATATTAATACAGTATCACTCTACATGTCCAATAGAGCCAGTAGTATTATATTTACACATTTTTCTCTTTCTAAAGCAGTACCTCAGTTTTATCTTGTTTTCTATTTTTCTACAGTTTTCTCGCATATTAAAAATGTTTATATTGTATGGGTTTTTAATAAAGAACAGTTTTTTAGTTTCATTTTATTTGTATCAAATTTTCTAAAAACTATAATCCATACTCAGATGAGCAAAAAACAATTCAGCATGTAAAATCATAATGATTTTAAACCAAAATTGAAGTGGCTGGCAGGTATATATTCTGTAATTATTCCTATTAGGTGTGCCCCCAACTGCAGTGATATAGACCCAATCTTGCTGTGTGGTTGGCAGATGGGCATGCGATGTACTTTAAAAAATAAGCATATGTGCTTGATTCCAGTATCCAGATTGCTATCAAATATCTAGTCATGTAATTTATGTAATTAACTGCATTATGCAAGTTCATCCTGGATGATGATGTGTATGTGTTTGTATCATCACCATTATTTACATGTTTGTATACATTTTCATAATATACATTTAATGGTCATTTCAAAAACAATCATAAACATTAACTTTTTTATGCAGTGTATAAATCTTAGCTTCAGACATGTTTGCAGGATCAAAATTTACATGTGTACATGTTAGATTTGTAAAGTATTGTCAAAATAATGTACATTAAAAGTTTGTTTTTTAATTCTTGGTCAGAATTTTTTTACACTATTTGTATAATGCACTGGTAATATAATGTCCCTCTTGGTCATTATTACTGCTACCCTATGTACTCACAAATTTAGACCTACTGTAAACTGCTCAGAAGCAGATTTGCCATCATGTAATGTGCTGCGTATCTGGATCTGTGCAGTTTGTCACAAGTACTCGGTGGAATAAACATCGACCCTGGTCTAATAGTGCAATACAGGATGGCATATTAGGATCTATGTTTTGCCTATGATTTATATGTGAGCACATGTGGTATTTCTTACATAGTATGTGTGATATAATTTCTTGTTTAGCTGCTCCTGTGTAATATTCTACACTCTGGTAGTAAACATAAATAGTTATTTAGCTCAACAAATCATTCACTACCCACAAATTAAAAGGTTGACTGAGAATAGCTGTCAGTTTTGCTTTCTTTCTGTTTGTTTTTTGTGAGGGACCGTTTATGCCCAGTATGTCTAAAACAGGTCACAAAAATCCCGTGTCATTCAGTGTTATTTATTAGTATTGCTCGTTTTTGCACATTCTGATTTTGATACATAATTTCACTGACTTGAGTTTACCAGTAATTTTATTACAGTGATGGCATTTTGAATAAATTTAGCAATAGACATAAACAAGTGCATAAAAGATTACTCCAGAAAAACCCCACTATAATAAGTCATAACATTATTTTTTTATATTTGTCGTAATGTGTATTGTACATTTTCAAGGTTCCTTATTACATACCTTAGACATTGTTAAAAATCATCTCCAGTAAGGTTGTCATTAGCAACATTTCTAACCTTAATATTTCTCATTTTATCTCGTAAACATTTTTATAAACCTGTTTTTCTGACTGTATGTAAATATGTATGTGAAATATTTTGTTTATTAAGTTGGGTCCTGCTGCAGACTATGTGGACTCTGATCTGCCAGACTATGTGGACTTTATTGGTTTATCTTTTAGCAAACTGCATAGACCTGAAGCATTGTGCATTGGCAGATTTGGATAACTGTAGTTTGCAGTTGGGCTCAACTTGTGAACAAGTATATACAGTACCAACATGAAATTAGTTACCTCAGAGGTTTCAGGTTCTAGGGAATTGGTGTTTAGTTCTTAAGGTTATGGCATATTTAGAACATCATGTACAGGGACTGTAACCTAATTGCTTTTATTTATTGTGTGGTTTGTTAAATATATTTGCTTTCTGTTTCGGTTTAAAAAAAATCACTAATTTCTGATTATTTCTGTTTTGAAGGGTGTCAGGTGTCCACAAAGCACTTAGTGAATGTGTTTTTTGGATAAATTATTATTTATGTTTTATAGCTTTAGGCTGTTCCCATCAATTTTTAATCCCCAATTCATAAATATTTTTAAAGTTTTACTGTTAATGTCCC","SND1","","","This protein is also thought to be essential for normal cell growth.",-14.84,"<-20","Female-biased (0.57)","","reverse",7706,7724
"M-sncRNA-4","agatacctgccagtctgaa",7724,7706,"Y","Y","N","16S","Two mismatches at 3' terminal","3' UTR",1267,"FUN_022351","TATAAGAAACAACATGACTTGATCGTCCTACCAACATCAGAAATACTGCCTTAACAGTCAGCATGGCTACAGCAGTTGAGGGTTGAAACAATCTTTAATATATGTTATATTTTGGGACTTTACTTGGAATTCATAAATTCATATTTCTGCTGTAAAAAAATAATTCCTGAGAAATTTTTATATGTGCCATCACCATGGTGCAGATTTTATGCTTATGATGTACAATCATGTTTCTTTGAAATGTTTTGATGCAAAAAATGAAAACACTACTTCCTTCTGAGAAATGTAGATTTTATGATGTAAAGAATGTGTGGTCTTACCAGTATAGATGGTGACTTGTTGATAATCAGGCGTGGCCATAATGATAGAGACAGTGATTTGTTGATAACTCGTGTGTGGTCATAATGATATAGACAGGGACATGTTGATAAATAACGTGCCCATAATGATCCAAATGGTAACTTCTTGATAATGTTCTGTATAACTAATTAATGTAAATAATCTGTATGGACTTATTAGGTTCTTGTGGAATTGATCATGCATTGTAAGGAAGTCTTTTATATGACATGAATTGTGAACTAAACATGCTGTTTATATGATGACTGGTTTATATTGAGGATGGCTTGTGCAGAAAGGCTATGCAGTCATGTGAAAATGGCTGTTGCAGAATATTCATGAGGACCTGTGTACATGGCTTATGCAGGATGGCTTTATGTACCTGTGTAAATGGCTTAAACAGAATGTCAGTGTTGACCTGTGTAAATTACATCAACATCCATACCTGCCAACCATTCCTGTTTTGGTTTGATCATGACAATTTTATGCACAAAATTATGTCTAATGTTTGCCTGTGTACACTAGGTATTTTGATGAAAGTAAAATAAAGCATTGAAAATCTGCTTTTGTCCTTTTATAACCTTTATTATTCCACTATCTGTGGAAGAAACATGGCTTCCATATAGCACTTGCAGATATTTACAAGAGTAATTGTCATACATATATATTGTCATTTTAGATTTATAACAGCTGTAATTTCCTTGAAAGCCAGCCATTTCATTGATTTGAAATAGTTTATAATATTCTTTATATTAGTGAAGAGTATAGGTTAGATTTAAGTCTATGACATTCAAAAAGAAGCACTATGTGAAGCCTCTGACGGCTTTGATTCATTTGTATCTTTTTTGGGAGAGACTGGCAGGTATGTGTTTATGATGAAGATTTTTGCATGTTGTCCTTTATCCAGTGTTTTCATTATATCTTTATCACTGTGTATTAGTATTAGTAATGTCTGTAAAATCTGTAGCTCATCTAATTGTCAGCTGTTTGATATCTTAATTTCTAATTACATTTCAAAAGATAATGGGGATACTTGAATTGTGTGTTTGTGAAGTTACTGTGTTTTGTAAAATAAAACAAAGAATTAAAAAAGGTAACTTGTTTCTCTCAGTCTGAAATGAAATTTAATCTCAGTAATCAACTGATACCATTATAAATGTTGGATTAACATAATTGTAAGGTAAACAAGTTTAATTGTCAAATATGTTTCAAGTGATAGTTTGATAGAGAGATCAGATAACAACTAGAATTTAGATTGATGGTTAAATAGGTAGGCACATACACCAAAAAAGGATAAGAATATAGACAGATCAGTAAATAACTACATAGTAAAAGATTCTCTAGCCTCTATCACTGAAACACTCTTCATCTTTAAAATTTAAAGCTTTTTTATGTCTTGTACCTTGAAAACTGAAAATGTTTAAGAACACAAACAAAAGGTCTTGGTACACAGCAATTCGAGTTTTGGAATTCTGTTGTCTATATGGTCCACTGTTGAATTTATGTTAACTAATAAACCCTTATTTATATAAAAGCAATACATAAACAAAATGTAGACATAATACAGTCATCTGAAAATGTAAAGCTATTCTGACAATTTTAGAGCATGAATAAAAATATGAAGATGCAAAAAAGTAACTATCACTGGGA","POLR2B","","","This gene encodes the second largest subunit of RNA polymerase II (Pol II), a DNA-dependent RNA polymerase that catalyzes the transcription of DNA into precursors of mRNA, snRNA and microRNA.",-15.57,"<-20","Female-biased (0.54)","","reverse",7706,7724
"M-sncRNA-4","agatacctgccagtctgaa",7724,7706,"Y","Y","N","16S","Two mismatches at 3' terminal","3' UTR",2332,"FUN_043315","CCAGTAGATCCTGTTGATAAAGAGTAATTGTGATTGGAGCAGTTTTCCTCATCTTCTGTGTTGGAAACCAAAAACCATTTTATCACAGTTTCATGGTTTCATTTCAAATATCTTACATAACAAACAATTTCTTCATCAGTTACATGTGTGGTAGATTATTGGGTCTATCAGTAATGAAAAAAAATAACTAATATTTGTAATTGTTGACTTTCTGTTTATAATGATACATTGAATGTATTTGAAACATTTTGTGAATACCTAGAAAATGCAAAGAAAGACAGATTATGCCTGCAAGAAAAGAGATTAATTAGGATGCTAACAGCAACAAGTCATGTTGAAAAATTGTTCAATGGAAAAATAGGCCTTTGGAACCAGAATTACAGCAGTGTGTTTGCATGAATGCTGGAAATGTCCAACTGACTGATTCATTTTTGAGACTGAGTGGCATTGTCATTAGTGGCATTCATGGATTTTTTTGAAGAATTTCAACAAAGACCTTTTTCTTCAAAATTATATGTGAAGCAGATGTGTACTTTCATTGCAGAATGACAAGGCATGTTCATTTCTTATAAGAGCCATACAATACAAAAGTATCTGTCTTGAACTTTAATACCATATTAAAGTCAGATCCAACTGCAAATAACATGGACCCTGATTTGTGCCAGCAAATCAAGGTCTATACTATGTGTTCTACTGATTATTCTAAACTGCATAGACCTAGATCTGCAGACACATTATTTGACAGCGGATCTGAGTCTGTACAGCTTGCAGTTGGAGTCAACTTATAGGCAGGTATCTATGGTATGCATATCCAGTAGCATCTTAATAGTTTTTCTAACCCATATTTTGGGAAGTGAGATAATGTGCCCACATTAATGGAAAGTGAGTCAGCATTCATTTTTTTAACCTGCTGGTTTTGACATTATCATGAATAATTTGTTATAACACTGCTTACAAATTGTAGTTTATATATATTTCCTAAACTCCTCTATAAATTCTGATCATATTTGGCATGAATTATTATATTATTATAAAGGAAAGACAGTTTATTCTGTGACATTGTTTCATTACTCTTTTTATAGTGGGTTACTGTCACATCCATGGGAAATTTGCATTAATGTTTTGGACAAAGTCTTTATGTTTCCTAAAACTCTTGATGGATTTTTTTCTTGATATACCAGAAACTCTGAAATTTTGTTGCATAAAAAAATCCTTCTTCTTAAGTGCTGGTAAATCAATAAATATATATATGCATGTGTG","VTI1B","","","Involved in regulation of protein localization to plasma membrane.",-13.11,"<-20","Female-biased (1.27)","","reverse",7706,7724
"M-sncRNA-5","agaagatcgggagcatatctgccttga",11353,11327,"Y","Y","N","tRNA-Ser","One mismatch","3' UTR",1749,"FUN_031418","ACTTTCACAAGGTCTGGATTTCGCCAACATAATTTCATTGTGGACTAGGAAATATATCGTTGAATAATAAAATATGATTTATGCTCCCGATTTTCAGCAATATTTGTTTACAAGTTGTCGAGTTTCTTTCGTTCATAAAATTAATTAAAATAGGTGATCGGTAAAATATTATCAAGAGTACTTATATCCCAGAAGGGCTGTACACAGGAAAAGGAAAACAACGTCTTGCGGAACACAATGGCAACCATCCCACTTGCATATCTATACCATTGCAAGTCAATGGGGAATGCACATACACTTTCTTAAAAGTGGGAGTGGGTGTTTAGTGGGCTACTCGATGGAAAAAAGATGTCTTAAATAAAGACTAGCCTAAATGTTTTAAATAGATGGATGAGCAAACAGAGC","Hypothetical","MSEKASISQQDKGIRRPNHSKMSEKASISQQGKGIRRPNHSKMSEKASISQQDKGIWRPNHNKGIWRPNHSKMSEKASISQQGKGIWRPNHSKGIWRPNHSKMSEKASISQQDKGIRRPNHNKARKFGVQNHTCAVV","Low: vegetative cell wall protein gp1-like","",-18.11,"<-20","None","","reverse",11327,11353
"M-sncRNA-6","tgaagggtagtgtaatattt",3968,3949,"Y","Y","N","tRNA-Gln","One mismatch","3' UTR",2348,"FUN_044699","CATAATACCTTGAGAATTTTATTTGTAGGAACTTTAAAAGTTTCAAACCAAGTTGACCATGGTTGTACAGAATTTTTTTAACGAACTGTAAAGCTAGATGTAAAGTAGATCCTTTTTTGGCAAAACTTAAGTTTTTGCATAAACACGAGTTTGCAGGGGTAGGCCTGGCATTATATATAAAAATCACCATTGATTTTGCCAAAATTATTAATATTTTCTCCTGTTTGAGTATTTTTTTTCCCTCAACCCAATTTACTGTATGTTTTATTTCTTATTTTGCCCGATTTTTATTCGCTCCCCTCAATACAGTATTCATGACCTACAGTACTACCCTTCATGGATGATGTTTTAGTTACAGTCAGCAAATTGGAACATTCTGTACACATGGATTGGATAAACCAGTTATGCAAATGAATGAGTTTGGGATAAATTGTTTTTAATTTGGCATGGATGGTTTTTGATCGACTTGTCTCATTTTTTTTATTGTGTTATCTAGTTTGATGTTTAGTTTATTACCACATGATTAATGACTTTCAAATGCCTTCATCAACAGTTGATATGAATTTGGTTAAATTTTTAACAGTATAGGAGTACTTGATGGCTAATGTACAAGTGAGTCTATAGTTATAGAAAACAAATATACGTATATGTACAATGGATGATTAAAGGTTTATGTAAAATATATTCCCTTGCTAAGTGCTGTCAACAATAGTAATGGAATAATGCAGTCCTGAAGAATAACTGATACTACAGTAAAATATGGTATTGTTTATTATGATTATTTGTAAATATTAATAAATGACTGCCTTTCTCAATCTTTGAAGTCTTGTATCCTTCAACATTAGTCTTTCATCTATAATTTTAGACTTTGATAATCCAAGATTACCTCTCTGCCTATTTATGATTTTCTGACATCATGTTGTAAAGTGGTCATATACTAGTGCCACATTACTCCTATCCATTTGATTACCGCAAGAGTGAGGCTAGAACATAAAATATGAAGATCTTTGTATTGATGAATGGTACAGTCATCATTTTGAGACTGGTACAGAATTTGAATACATGCTATCATTAAAATTTGAATTGTAGATCATCAGTTCCCATGCCCATATAACCTGGACAGGTAAATTTCATTAATTTTATCCAGGAATAAAGAACATACATTTGTATTTCAAGAACATATTCCTCACATCATATCTACCAGGCTAATAGGTTCAAATTGTAATGTGCTCCCCCCTGCAACTTTGCAGACATAATTAAACAGATGAGTGTCTC","ISOC1","","","",-13.55,"<-20","Even expression (0.26)","","reverse",3949,3968
"12","tggagagctactattaacaaccacaca",8663,8637,"N","N","","16S","Perfect match to reference","3' UTR",354,"FUN_005017","GCATACTACCATGGAAGATAATAAAGATCATATTGTCTGTGACATTTACAGTAAAGTCGACAATGATGAAGAGGGACATTCCAGTCACTGTGAAGGACAATCTGCAGAGTGAAACTGTAAAAGTCAAGCTTCACATAGTAGCTCTCATATATGGAC","CADPS2","","","",-15.42,"<-20","","","reverse",8637,8663
"M-sncRNA-8","gagaaatggtagaccaatctgggacg",11278,11253,"Y","Y","N","tRNA-Ser","Three mismatches","3' UTR",1081,"FUN_018779","TCAATAAAGTTGGTTTTTATTGTTAACATACCATTTCTCAAA","RMI1","","","RMI1 is a component of protein complexes that limit DNA crossover formation via the dissolution of double Holliday junctions",-15.23,"<-20","Male-biased (-1.62)","","reverse",11253,11278
"M-sncRNA-9","ataatcactttacatcggactttcg",11187,11160,"Y","Y","N","tRNA-Glu","One mismatch at 3' terminal","3' UTR",1895,"FUN_034206","TTTAACATTTTGTGAAAAATTATCTTTCTTCTTGCCATGCCTTTATCAGCAAGCAACAAGCTATAGATTTCATAATTTGGATCCAGTGGCCTCATAATCCCGTAAAAATGTTTATATAATTTTGTGATAAAGATCCAAAAATGTATGTCATATACACTGTAAGAAATTTTTATAGACAGATATGTTTTTGTAACTTTAGTCTTTGTAAAGAACACATACAGCTTTTGAAATATATTTTATGTTAAAATTTGCTGCATGGAAATATTTTATATATCTAATATAATTAATGCATATGAAACAAAGTCATGGACCCATTTGAATGTGAACAATTTGGGGGTTTTGAAATTAATATAAATACAGAAAACCTGAGAAGTTGGTAGCAGAATATATGTTTATGTATGATGTATTTGTTAGTTGATAGATTGAGTACATATTTTAGTGCCTTTTTTTGAACTGTGATATGTGTACTGCTGATGTAAAGTGATTTACAATTACAAAATTCTTTACCATTTTGTAACTCTTTTTATCTAAAATGTTATTTTCCTAAAAATTATTCTTGGTAGGTTTATTTTATTCACCACTGTTGTTAACATTCATTCTAGACATTCCGTCCAATAAATATGGTTGATGTACATTTAAATGACCACACTAACTGTTTCATCTTCAAGTGGTTGTACAACATATATTCTTTCCATATACTTCCAAATCCAGTACAGGTATACATGCACTTCAGAATCTAACCTAGGTTTGATACTTTATCAAGTTTTGAAATGATTTTCTTAACCTAGCAAAAGAATCACATATGGTTAACAAATTGTGTGTAATATAACAAAGTAAAATGTGTGTAATATAGTGCTTTACTGTATATATTCATAAGTTAAGTCCCACTGCAAATAACAGAGACCTTGATCTGCTATGGTATAATGCACTGGCAGATCAGGGTCTGTGTTGCTTTTTCTACCGATTATTTCTAACAAACTGGCACATTATGTGAAGGCAGATCTATCTGTCCAGTTTGTTTTTGGTCTCAACTTTTAAATGAATATATATATATATATATATATA","AXDND1","","","A novel testis-enriched gene, is required for spermiogenesis and male fertility",-16.47,"<-20","Male-biased (-0.56)","","reverse",11160,11187
"M-sncRNA-10","ctgttaaccagtagaccgtaac",7410,7431,"Y","Y","N","tRNA-Asn","One mismatch","3' UTR",2041,"FUN_037411","TGTTAGTTATCTCTTAGAGCCTTTTTTTATAATTCTAATACTGAGACAAATGTTGACAGATTAAAAACAATTGCAGAAGAAATGTTACTAATATGACTGGTTAACATACATGTACAATAACTAATAAAGAATG","ATP5D","","","Nuclear mitochondrial gene",-11.69,"<-20","Male-biased (-0.76)","","forward",7410,7431
"3","aagatgcgtagaatata",16163,16179,"Y","Y ","Y","MORF","One mismatch at 3' terminal","3' UTR",2347,"FUN_044554","ACTTTTATACACAAAATGGTCTCACAACAAAAACGTCTCCATAACATATGATGTTGTTAAACCAATCTATGAAATAGGAAATATTCATTACTATAAACTGAAACCGGGCAATGTGCATTGAAGTCTTGCATAGTCACTCAAAGGTCCATAAATCTTACCTCTTTTGAAAGATTTCTACGCATCGTTTGTTTTCTTGTACTACTACTGTTTTCTTTCAAAAGTTAGTGGCAAGCAGATATGCCTAAATGTGAGTACAAATTGTAATGATGACAAACGAAATACAAATATTCATGACGATTTTCCAGGTTCTTGCTATTGCTACTACTACCACCACTTTAAACCAATTATTATTATT","GCNT1","","","Selectively involved in synthesis of mucin-type core 2 O-glycans",-12.99,"<-20","Female-biased (3.75)","","forward",16163,16179
"7","aagatgcgtagaatagggc",16163,16181,"Y","Y","Y","MORF","One mismatch","3' UTR",2347,"FUN_044554","ACTTTTATACACAAAATGGTCTCACAACAAAAACGTCTCCATAACATATGATGTTGTTAAACCAATCTATGAAATAGGAAATATTCATTACTATAAACTGAAACCGGGCAATGTGCATTGAAGTCTTGCATAGTCACTCAAAGGTCCATAAATCTTACCTCTTTTGAAAGATTTCTACGCATCGTTTGTTTTCTTGTACTACTACTGTTTTCTTTCAAAAGTTAGTGGCAAGCAGATATGCCTAAATGTGAGTACAAATTGTAATGATGACAAACGAAATACAAATATTCATGACGATTTTCCAGGTTCTTGCTATTGCTACTACTACCACCACTTTAAACCAATTATTATTATT","GCNT1","","","Selectively involved in synthesis of mucin-type core 2 O-glycans",-12.45,"<-20","Female-biased (3.75)","","forward",16163,16181
