Cluster925_size_579	16	MW413895	2672	254	17M	*	0	0	GTCTTCTGACAGACAAA	*	RG:Z:Unpaired_reads_assembled_against_MW413895
Cluster942_size_347	16	MW413895	2696	254	22M	*	0	0	GACTTCCATTACTTCATCAACC	*	RG:Z:Unpaired_reads_assembled_against_MW413895
Cluster953_size_1576	16	MW413895	2733	254	21M	*	0	0	TCTCTATCTACAGAACCACAA	*	RG:Z:Unpaired_reads_assembled_against_MW413895
Cluster981_size_563	16	MW413895	2738	254	21M	*	0	0	ATCTACAGAACCACAATCTAT	*	RG:Z:Unpaired_reads_assembled_against_MW413895
Cluster1031_size_1540	0	MW413895	2917	254	19M	*	0	0	TAATAAAAAGACCTGATTT	*	RG:Z:Unpaired_reads_assembled_against_MW413895
Cluster1043_size_1541	0	MW413895	2919	254	19M	*	0	0	ATAAAAAGACCTGATTTGC	*	RG:Z:Unpaired_reads_assembled_against_MW413895
Cluster1042_size_4352	0	MW413895	2922	254	18M	*	0	0	AAAAGACCTGATTTGCAA	*	RG:Z:Unpaired_reads_assembled_against_MW413895
Cluster1093_size_478	0	MW413895	2924	254	17M	*	0	0	AAGACCTGATTTGCAAT	*	RG:Z:Unpaired_reads_assembled_against_MW413895
Cluster1106_size_499	0	MW413895	2933	254	20M	*	0	0	TTTGCAATCAACTATTGAGT	*	RG:Z:Unpaired_reads_assembled_against_MW413895
Cluster1105_size_9521	0	MW413895	2949	254	19M	*	0	0	GAGCCCAAACTCTAGAACT	*	RG:Z:Unpaired_reads_assembled_against_MW413895
Cluster1126_size_358	0	MW413895	2950	254	22M	*	0	0	AGCCCAAACTCTAGAACTACCG	*	RG:Z:Unpaired_reads_assembled_against_MW413895
Cluster1116_size_13454	0	MW413895	2952	254	20M	*	0	0	CCCAAACTCTAGAACTACCA	*	RG:Z:Unpaired_reads_assembled_against_MW413895
Cluster1108_size_10480	0	MW413895	2953	254	18M	*	0	0	CCAAACTCTAGAACTACC	*	RG:Z:Unpaired_reads_assembled_against_MW413895
Cluster1124_size_744	0	MW413895	2954	254	17M	*	0	0	CAAACTCTAGAACTACA	*	RG:Z:Unpaired_reads_assembled_against_MW413895
Cluster1261_size_1964	0	MW413895	3008	254	18M	*	0	0	AAAGGATCCTCGGAGAAC	*	RG:Z:Unpaired_reads_assembled_against_MW413895
Cluster1262_size_1053	0	MW413895	3008	254	18M	*	0	0	AAAGGATCCTCGGAGAAA	*	RG:Z:Unpaired_reads_assembled_against_MW413895
Cluster1266_size_450	0	MW413895	3008	254	18M	*	0	0	AAAGGATCCTCGGAGAAG	*	RG:Z:Unpaired_reads_assembled_against_MW413895
Cluster1269_size_1051	0	MW413895	3008	254	22M	*	0	0	AAAGGATCCTCGGAGAGTATTT	*	RG:Z:Unpaired_reads_assembled_against_MW413895
Cluster1256_size_354811	0	MW413895	3008	254	23M	*	0	0	AAAGGATCCTCGGAGAATATTTG	*	RG:Z:Unpaired_reads_assembled_against_MW413895
Cluster1285_size_287	0	MW413895	3008	254	23M	*	0	0	CAAGGATCCTCGGAGAATATTTG	*	RG:Z:Unpaired_reads_assembled_against_MW413895
Cluster1292_size_304	0	MW413895	3008	254	23M	*	0	0	AAAGGAACCTCGGAGAATATTTG	*	RG:Z:Unpaired_reads_assembled_against_MW413895
Cluster1275_size_797	0	MW413895	3008	254	23M	*	0	0	GAAGGATCCTCGGAGAATATTTG	*	RG:Z:Unpaired_reads_assembled_against_MW413895
Cluster1265_size_1444	0	MW413895	3008	254	23M	*	0	0	AGAGGATCCTCGGAGAATATTTG	*	RG:Z:Unpaired_reads_assembled_against_MW413895
Cluster1289_size_1334	0	MW413895	3009	254	22M	*	0	0	AAGGATCCTCGGAGAATATTTG	*	RG:Z:Unpaired_reads_assembled_against_MW413895
Cluster1357_size_236	0	MW413895	3016	254	17M	*	0	0	CTCGGAGAATATTTGCC	*	RG:Z:Unpaired_reads_assembled_against_MW413895
Cluster1409_size_473	0	MW413895	3057	254	19M	*	0	0	ACTCACTTGTCCTTTACCA	*	RG:Z:Unpaired_reads_assembled_against_MW413895
Cluster1428_size_255	0	MW413895	3078	254	17M	*	0	0	GAAAGGTAGCCGAGCTC	*	RG:Z:Unpaired_reads_assembled_against_MW413895
Cluster1513_size_2547	0	MW413895	3132	254	17M	*	0	0	CCTTTCACTTTTCTCCA	*	RG:Z:Unpaired_reads_assembled_against_MW413895
Cluster1546_size_243	0	MW413895	3159	254	19M	*	0	0	TGTTACCACTTTGCACGTT	*	RG:Z:Unpaired_reads_assembled_against_MW413895
Cluster1573_size_512	0	MW413895	3165	254	20M	*	0	0	CACTTTGCACGTTGACTTTT	*	RG:Z:Unpaired_reads_assembled_against_MW413895
Cluster1564_size_1692	0	MW413895	3168	254	18M	*	0	0	TTTGCACGTTGACTTTTC	*	RG:Z:Unpaired_reads_assembled_against_MW413895
Cluster1587_size_1785	0	MW413895	3199	254	19M	*	0	0	ATATTAGTGTACTTGGTTC	*	RG:Z:Unpaired_reads_assembled_against_MW413895
Cluster1629_size_275	0	MW413895	3200	254	19M	*	0	0	TATTAGTGTACTTGGTTCT	*	RG:Z:Unpaired_reads_assembled_against_MW413895
Cluster1811_size_1127	0	MW413895	4446	254	17M	*	0	0	AGTAGGGTAAGCTAAGC	*	RG:Z:Unpaired_reads_assembled_against_MW413895
Cluster1974_size_464	0	MW413895	4604	254	18M	*	0	0	AAGCAAGAAACTCCAAAG	*	RG:Z:Unpaired_reads_assembled_against_MW413895
Cluster1986_size_1015	0	MW413895	4654	40	20M	*	0	0	TTACATACCCTCGCTTTCCA	*	RG:Z:Unpaired_reads_assembled_against_MW413895
Cluster1996_size_949	0	MW413895	4671	254	21M	*	0	0	ACCCACAAATATTTCATTGAN	*	RG:Z:Unpaired_reads_assembled_against_MW413895
Cluster2063_size_876	0	MW413895	4886	254	18M	*	0	0	AAGTATGTAAGGATGACA	*	RG:Z:Unpaired_reads_assembled_against_MW413895
Cluster2124_size_338	0	MW413895	4953	254	21M	*	0	0	AGCAAATCCAGGATTACCATC	*	RG:Z:Unpaired_reads_assembled_against_MW413895
Cluster2135_size_1340	0	MW413895	4978	254	20M	*	0	0	AAAAGACTACAAGATTAACT	*	RG:Z:Unpaired_reads_assembled_against_MW413895
Cluster2178_size_750	0	MW413895	5070	254	20M	*	0	0	CAGAACTTGGATTAGATACC	*	RG:Z:Unpaired_reads_assembled_against_MW413895
Cluster2223_size_634	0	MW413895	5091	254	20M	*	0	0	AACTACTGTGTGGCCTAACN	*	RG:Z:Unpaired_reads_assembled_against_MW413895
Cluster2237_size_2304	0	MW413895	5092	254	19M	*	0	0	ACTACTGTGTGGCCTAACC	*	RG:Z:Unpaired_reads_assembled_against_MW413895
Cluster2270_size_1650	0	MW413895	5150	254	18M	*	0	0	CAATGTGGCGGTGCTTTA	*	RG:Z:Unpaired_reads_assembled_against_MW413895
Cluster2287_size_1133	0	MW413895	5178	254	20M	*	0	0	GGGGATCCTGTGGCTTAAAC	*	RG:Z:Unpaired_reads_assembled_against_MW413895
Cluster7287_size_238	0	MW413895	5363	254	19M	*	0	0	CCCTACTGAAATTCAACCT	*	RG:Z:Unpaired_reads_assembled_against_MW413895
Cluster2425_size_1673	0	MW413895	5384	254	20M	*	0	0	AAGGTTGAATGAAAGAGGAC	*	RG:Z:Unpaired_reads_assembled_against_MW413895
Cluster2429_size_930	0	MW413895	5395	254	18M	*	0	0	AAAGAGGACTTGAAAGTA	*	RG:Z:Unpaired_reads_assembled_against_MW413895
Cluster2491_size_1912	0	MW413895	5426	254	19M	*	0	0	CATGCAAACCTGAACAAGA	*	RG:Z:Unpaired_reads_assembled_against_MW413895
Cluster2539_size_244	0	MW413895	5438	254	20M	*	0	0	AACAAGAACTAAAGCGCGCA	*	RG:Z:Unpaired_reads_assembled_against_MW413895
Cluster2572_size_1694	0	MW413895	5477	254	20M	*	0	0	ACAATAAAGTCGGATAAGTC	*	RG:Z:Unpaired_reads_assembled_against_MW413895
Cluster2609_size_263	0	MW413895	5492	254	24M	*	0	0	AAGTCGTAACATAGTAGGGGTAAC	*	RG:Z:Unpaired_reads_assembled_against_MW413895
Cluster2629_size_756	0	MW413895	5564	254	18M	*	0	0	AGCTTTTAACTCGACCAC	*	RG:Z:Unpaired_reads_assembled_against_MW413895
Cluster2691_size_1254	0	MW413895	5646	254	22M	*	0	0	AAGGTAACCCTCCAAAGCTCCA	*	RG:Z:Unpaired_reads_assembled_against_MW413895
Cluster2728_size_388	0	MW413895	5691	254	18M	*	0	0	ATTTAGGCAAAAGATTGT	*	RG:Z:Unpaired_reads_assembled_against_MW413895
Cluster2756_size_262	0	MW413895	5702	254	20M	*	0	0	AGATTGTAGCTCTTTATACG	*	RG:Z:Unpaired_reads_assembled_against_MW413895
Cluster2771_size_223	0	MW413895	5739	254	20M	*	0	0	CGCCCAATAAACTAATATAC	*	RG:Z:Unpaired_reads_assembled_against_MW413895
Cluster2775_size_457	0	MW413895	5739	254	21M	*	0	0	CGCCCAATAAACTAATATATA	*	RG:Z:Unpaired_reads_assembled_against_MW413895
Cluster2766_size_29013	0	MW413895	5739	254	22M	*	0	0	CGCCCAATAAACTAATATATCC	*	RG:Z:Unpaired_reads_assembled_against_MW413895
Cluster2768_size_435	0	MW413895	5739	254	22M	*	0	0	CGCCCAATAAACTAATATATCA	*	RG:Z:Unpaired_reads_assembled_against_MW413895
Cluster2769_size_1317	0	MW413895	5739	254	22M	*	0	0	CGCCCAATAAACTAATATATCT	*	RG:Z:Unpaired_reads_assembled_against_MW413895
Cluster2773_size_560	0	MW413895	5739	254	23M	*	0	0	CGCCCAATAAACTAATATATCCA	*	RG:Z:Unpaired_reads_assembled_against_MW413895
Cluster2767_size_996	0	MW413895	5739	254	23M	*	0	0	CGCCCAATAAACTAATATATCCT	*	RG:Z:Unpaired_reads_assembled_against_MW413895
Cluster2849_size_483	0	MW413895	5798	254	20M	*	0	0	ATCCCAACAAAACTCTTATC	*	RG:Z:Unpaired_reads_assembled_against_MW413895
Cluster2860_size_845	0	MW413895	5803	254	19M	*	0	0	AACAAAACTCTTATCCTTA	*	RG:Z:Unpaired_reads_assembled_against_MW413895
Cluster2877_size_1453	0	MW413895	5836	254	19M	*	0	0	CTACCAACCTCTGCTCACC	*	RG:Z:Unpaired_reads_assembled_against_MW413895
Cluster2902_size_261	0	MW413895	5913	254	18M	*	0	0	ATCATACTACTCCCGAAT	*	RG:Z:Unpaired_reads_assembled_against_MW413895
Cluster2905_size_214	0	MW413895	5932	254	18M	*	0	0	ATTATGAGCTACTAAATT	*	RG:Z:Unpaired_reads_assembled_against_MW413895
Cluster2983_size_1275	0	MW413895	6144	254	18M	*	0	0	ACACCTTAAACGTAGACT	*	RG:Z:Unpaired_reads_assembled_against_MW413895
Cluster2992_size_455	0	MW413895	6147	254	18M	*	0	0	CCTTAAACGTAGACTTAA	*	RG:Z:Unpaired_reads_assembled_against_MW413895
Cluster3000_size_987	0	MW413895	6151	254	21M	*	0	0	AAACGTAGACTTAAAAGCAGC	*	RG:Z:Unpaired_reads_assembled_against_MW413895
Cluster3082_size_254	0	MW413895	6371	254	20M	*	0	0	ACTCGGCAACAAATCTCCCC	*	RG:Z:Unpaired_reads_assembled_against_MW413895
Cluster3088_size_837	0	MW413895	6382	254	18M	*	0	0	AATCTCCCCTGCCTGTTT	*	RG:Z:Unpaired_reads_assembled_against_MW413895
Cluster3134_size_443	0	MW413895	6389	254	17M	*	0	0	CCTGCCTGTTTACCAAA	*	RG:Z:Unpaired_reads_assembled_against_MW413895
Cluster3116_size_311	0	MW413895	6390	254	19M	*	0	0	TTGCCTGTTTACCAAAAAC	*	RG:Z:Unpaired_reads_assembled_against_MW413895
Cluster3144_size_1169	0	MW413895	6408	254	20M	*	0	0	CATCGTCTTTTGTTAACTCA	*	RG:Z:Unpaired_reads_assembled_against_MW413895
Cluster3184_size_218	0	MW413895	6416	254	23M	*	0	0	TTTGTTAACTCACATAAAAGATA	*	RG:Z:Unpaired_reads_assembled_against_MW413895
Cluster3189_size_317	0	MW413895	6439	254	19M	*	0	0	ATGCCTGCCCAGTGAAACT	*	RG:Z:Unpaired_reads_assembled_against_MW413895
Cluster3266_size_321	0	MW413895	6514	254	17M	*	0	0	ATTGGAGGCCAGTGAAT	*	RG:Z:Unpaired_reads_assembled_against_MW413895
Cluster3271_size_5082	0	MW413895	6531	254	19M	*	0	0	GGCAAGACTGGGGATATCT	*	RG:Z:Unpaired_reads_assembled_against_MW413895
Cluster3348_size_252	0	MW413895	6534	254	22M	*	0	0	AAGACTGGGGATATCTGTACCT	*	RG:Z:Unpaired_reads_assembled_against_MW413895
Cluster3376_size_248	0	MW413895	6543	254	18M	*	0	0	GATATCTGTACCCTGTAT	*	RG:Z:Unpaired_reads_assembled_against_MW413895
Cluster3461_size_696	0	MW413895	6641	254	20M	*	0	0	CAGTCTTTCTGTGCTTAGAA	*	RG:Z:Unpaired_reads_assembled_against_MW413895
Cluster3487_size_3011	0	MW413895	6672	254	17M	*	0	0	AAAAGGTTTGATTGGGA	*	RG:Z:Unpaired_reads_assembled_against_MW413895
Cluster3545_size_308	0	MW413895	6682	254	20M	*	0	0	ATTGGGGCAATCTCGGAACN	*	RG:Z:Unpaired_reads_assembled_against_MW413895
Cluster3593_size_619	0	MW413895	6735	254	18M	*	0	0	AAACTTGATAAGGACCAA	*	RG:Z:Unpaired_reads_assembled_against_MW413895
Cluster3605_size_421	0	MW413895	6741	254	19M	*	0	0	GATAAGGACCAAAAAGAAG	*	RG:Z:Unpaired_reads_assembled_against_MW413895
Cluster3650_size_226	0	MW413895	6802	254	21M	*	0	0	TCAAAAGCTGGGTTTGCGACC	*	RG:Z:Unpaired_reads_assembled_against_MW413895
Cluster3682_size_2895	0	MW413895	6824	254	20M	*	0	0	CGATGTTGGCTTAAGGATAT	*	RG:Z:Unpaired_reads_assembled_against_MW413895
Cluster3695_size_3106	0	MW413895	6826	254	20M	*	0	0	ATGTTGGCTTAAGGATATCC	*	RG:Z:Unpaired_reads_assembled_against_MW413895
Cluster3726_size_978	0	MW413895	6828	254	18M	*	0	0	GTTGGCTTAAGGATATCC	*	RG:Z:Unpaired_reads_assembled_against_MW413895
Cluster3737_size_263	0	MW413895	6829	254	17M	*	0	0	TTGGCTTAAGGATATCT	*	RG:Z:Unpaired_reads_assembled_against_MW413895
Cluster3739_size_237	0	MW413895	6830	254	19M	*	0	0	TGGCTTAAGGATATCCACA	*	RG:Z:Unpaired_reads_assembled_against_MW413895
Cluster3765_size_3810	0	MW413895	6858	254	22M	*	0	0	CCGCTATGACAGGATAGTCTGT	*	RG:Z:Unpaired_reads_assembled_against_MW413895
Cluster3793_size_1099	0	MW413895	6867	254	19M	*	0	0	CAGGATAGTCTGTTCGACT	*	RG:Z:Unpaired_reads_assembled_against_MW413895
Cluster3875_size_751	0	MW413895	6894	254	18M	*	0	0	CTTACACGAGCTGAGTTA	*	RG:Z:Unpaired_reads_assembled_against_MW413895
Cluster3877_size_357	0	MW413895	6896	254	19M	*	0	0	TACACGAGCTGAGTTAAGA	*	RG:Z:Unpaired_reads_assembled_against_MW413895
Cluster3891_size_1453	0	MW413895	6899	254	18M	*	0	0	ACGAGCTGAGTTAAGACC	*	RG:Z:Unpaired_reads_assembled_against_MW413895
Cluster3894_size_200	0	MW413895	6900	254	17M	*	0	0	CGAGCTGAGTTAAGACT	*	RG:Z:Unpaired_reads_assembled_against_MW413895
Cluster3922_size_948	0	MW413895	6957	254	18M	*	0	0	ATTTTCTTGATTGTACGA	*	RG:Z:Unpaired_reads_assembled_against_MW413895
Cluster3940_size_485	0	MW413895	6964	254	19M	*	0	0	TGATTGTACGAAAGGACCN	*	RG:Z:Unpaired_reads_assembled_against_MW413895
Cluster3959_size_731	0	MW413895	6974	254	18M	*	0	0	AAAGGACCCCAAGAAGTG	*	RG:Z:Unpaired_reads_assembled_against_MW413895
Cluster3967_size_367	0	MW413895	6976	254	20M	*	0	0	AGGACCCCAAGAAGTGCAGC	*	RG:Z:Unpaired_reads_assembled_against_MW413895
Cluster3974_size_947	0	MW413895	7028	254	22M	*	0	0	AACCCTAACCTTAACTTATTTT	*	RG:Z:Unpaired_reads_assembled_against_MW413895
Cluster3995_size_475	0	MW413895	7073	254	17M	*	0	0	TAATACCATTGACTTAG	*	RG:Z:Unpaired_reads_assembled_against_MW413895
Cluster4005_size_388	0	MW413895	7105	254	20M	*	0	0	CTAAACACTTACTTGCCACC	*	RG:Z:Unpaired_reads_assembled_against_MW413895
Cluster4008_size_732	0	MW413895	7105	254	21M	*	0	0	CTAAACACTTACTTGCCACCA	*	RG:Z:Unpaired_reads_assembled_against_MW413895
Cluster4020_size_1603	0	MW413895	7145	254	18M	*	0	0	TAGCAATTGGCTGTTACC	*	RG:Z:Unpaired_reads_assembled_against_MW413895
Cluster4018_size_269	0	MW413895	7146	254	17M	*	0	0	AGCAATTGGCTGTTACT	*	RG:Z:Unpaired_reads_assembled_against_MW413895
Cluster4037_size_419	0	MW413895	7147	254	18M	*	0	0	GCAATTGGCTGTTACCTA	*	RG:Z:Unpaired_reads_assembled_against_MW413895
Cluster4052_size_394	0	MW413895	7150	254	18M	*	0	0	ATTGGCTGTTACCTAATA	*	RG:Z:Unpaired_reads_assembled_against_MW413895
Cluster4067_size_232	0	MW413895	7205	254	17M	*	0	0	CAGGAAATAGTTTAAGC	*	RG:Z:Unpaired_reads_assembled_against_MW413895
Cluster4066_size_2549	0	MW413895	7205	254	17M	*	0	0	CAGGAAATAGTTTAAGT	*	RG:Z:Unpaired_reads_assembled_against_MW413895
Cluster4090_size_4001	0	MW413895	7252	254	20M	*	0	0	GCCACACTAATTTTCTGACC	*	RG:Z:Unpaired_reads_assembled_against_MW413895
Cluster4093_size_218	0	MW413895	7252	254	20M	*	0	0	GCCACACTAATTTTCTGACA	*	RG:Z:Unpaired_reads_assembled_against_MW413895
Cluster4660_size_427	16	MW413895	10435	3	17M	*	0	0	ATACCACCTTATCCCTC	*	RG:Z:Unpaired_reads_assembled_against_MW413895
Cluster4662_size_261	16	MW413895	10438	3	18M	*	0	0	CCACCTTATCCCTCCTTT	*	RG:Z:Unpaired_reads_assembled_against_MW413895
Cluster4673_size_273	16	MW413895	10457	3	17M	*	0	0	CCTCCCCTTTTTTCAAA	*	RG:Z:Unpaired_reads_assembled_against_MW413895
Cluster4676_size_1403	16	MW413895	10467	3	21M	*	0	0	TTTCAAAATTTCAGGCCACGG	*	RG:Z:Unpaired_reads_assembled_against_MW413895
Cluster4686_size_754	16	MW413895	10520	254	17M	*	0	0	ATACCACCTTATCTTTA	*	RG:Z:Unpaired_reads_assembled_against_MW413895
Cluster8467_size_209	16	MW413895	10520	254	21M	*	0	0	ATACCACCTTATCTTTAATAG	*	RG:Z:Unpaired_reads_assembled_against_MW413895
Cluster4691_size_514	16	MW413895	10522	254	19M	*	0	0	ACCACCTTATCTTTAATAG	*	RG:Z:Unpaired_reads_assembled_against_MW413895
Cluster4757_size_321	16	MW413895	10723	254	19M	*	0	0	CCCACTTAACAGCCATTAG	*	RG:Z:Unpaired_reads_assembled_against_MW413895
Cluster4770_size_2572	0	MW413895	10900	254	18M	*	0	0	TGAAAGCTAGTGATCTGT	*	RG:Z:Unpaired_reads_assembled_against_MW413895
Cluster4799_size_496	0	MW413895	10912	254	19M	*	0	0	ATCTGTCACAAATGAATTT	*	RG:Z:Unpaired_reads_assembled_against_MW413895
Cluster4867_size_216	0	MW413895	10967	254	20M	*	0	0	ATTTTCTGTCTTGTAGTATA	*	RG:Z:Unpaired_reads_assembled_against_MW413895
Cluster11336_size_533	0	MW413895	10973	254	18M	*	0	0	TGTCTTGTAGTATATATT	*	RG:Z:Unpaired_reads_assembled_against_MW413895
Cluster4904_size_5669	0	MW413895	11061	254	17M	*	0	0	GAAGAACGGACTACTTT	*	RG:Z:Unpaired_reads_assembled_against_MW413895
Cluster4925_size_308	0	MW413895	11061	254	17M	*	0	0	GAAGAACGGACTACTTC	*	RG:Z:Unpaired_reads_assembled_against_MW413895
Cluster4934_size_819	0	MW413895	11064	254	17M	*	0	0	GAACGGACTACTTTGAT	*	RG:Z:Unpaired_reads_assembled_against_MW413895
Cluster5013_size_262	0	MW413895	11086	254	20M	*	0	0	AGATCATGGACTAAGCACCT	*	RG:Z:Unpaired_reads_assembled_against_MW413895
Cluster4987_size_12049	0	MW413895	11092	254	20M	*	0	0	TGGACTAAGCACCCGATACT	*	RG:Z:Unpaired_reads_assembled_against_MW413895
Cluster5029_size_777	0	MW413895	11095	254	20M	*	0	0	ACTAAGCACCCGATACTTCC	*	RG:Z:Unpaired_reads_assembled_against_MW413895
Cluster5045_size_373	0	MW413895	11139	254	18M	*	0	0	TTACCGCTCGTTTACACC	*	RG:Z:Unpaired_reads_assembled_against_MW413895
Cluster5076_size_366	0	MW413895	11219	254	19M	*	0	0	CTGATCAAGGAGAACACCT	*	RG:Z:Unpaired_reads_assembled_against_MW413895
Cluster5202_size_239	0	MW413895	12188	254	17M	*	0	0	TATATACTAGTACAACT	*	RG:Z:Unpaired_reads_assembled_against_MW413895
Cluster5212_size_876	0	MW413895	12192	254	17M	*	0	0	TACTAGTACAACTGCCT	*	RG:Z:Unpaired_reads_assembled_against_MW413895
Cluster5692_size_1409	16	MW413895	14658	254	18M	*	0	0	GAAAAGAATACCTAACAA	*	RG:Z:Unpaired_reads_assembled_against_MW413895
