Number,Centroid_Sequence,Start,Stop,Sharp 5?,Sharp 3?,Dup,Region,Notes,Bind Site,Target_Contig,Target,UTR_sequence,Target Annotation,Protein Seqeunce,KEGG Annotation,Gene notes,Free Binding Energy (RNAup - 37 C),Duplex energy,Expression,Notes
M-sncRNA-1,aggggaatggcagaaaagc,3616,3598,Y,Y,N,tRNA-Leu,One mismatch at 3' terminal,3' UTR,354,FUN_004991,AGACGAATAAACTTAAGTTTAAATACTGCACAGATGCACAGTAGGAATATATATTTAAATTTGGGATTGTATAAAATACACAGTAAAGACATGTATCTATCTAAGTTTAGAGATTGAACATACGCACATAATGGATACATAACAAGGAATTATCGTTTATATTCCCATCTATTCACAGGATTTTTTTTTTCAGTATTGCGCCAGTATTGATATATTAGCGACCAAAACTATTTGTACATGCAACAGTAATGTTTTCAAAATATATTGTAATAAATTTAAAAGAACTAAGTACTTTTTGATTTCCGAAAAAGATTTTATAATTTAGTGGCGTATATCCATCATGCATGACGTTCAATTTTGTTAAAGCTTTTCTTAAGGTAGTGTCCATGTTTATGCACGTAGTTAGATGGATGTTGCAAAACATTTTTGTTTGTACTGGTAATGATGTGACATTTACTTTTATCCTGATGACTTTGTGTTACACTGCAGTCTCGGTGTTTCTTTACATAGAAAAAGAACAAAGCTTTGTTCGAGTGTTGACCAATCATACATGCGAAAATTTCTATCAGAAGATCAAGAAAAAAATCATGGTTCCTTGACCCATTCAGATCAAGACTTACTTAAAAAGTCAAAAGATATTTCCTTGTTATTGGCTCCCTTGATTTTCTTCATTTTCTGCCATTTTCCAGGTCGATGTACACTTTCGTATCTGAAATCCAATTTGCAACACAACCATTTTTGTATGCACCAATCATAGAACCAAATTCATAGCCTAGTGGAGTCTGATTTTTGTAGTGTTAATTGGACGATTGCTAAATAATAACTTTATAAACACGTTTCGGTGTTGTCCATAAAGGACGTCCACAGATAATACCTGTTTTCCTACCCCCTCTTCCCCTGTCCGCCTTTGTCCTCATGTGGCTTATCCCCCCCCCCGGATACGGATGTCTCCATCTAGCAGGACTAGCAAATAGGCCATGTAATGACCCTCAAGCTCAGGGAGCCAAACCTATATATTAATGCCAACCCATTCATATACATTACGTGGCACGAATCGTACAAATTGAAATTGACAATTTATACTTCATGTTACCCATAAAGGACGTCCGCAAAACATACTGGAATAGACGCAGTAGGCCTAAAGCAGCTGTTAAACACAGAATATCATAAAAATAAATACTAGCTTGCGGACGTCAATAAGGTCCTTTACAACCCCTCCCCTTTTGTCTGCAGTTTTCCTTGTTTGAACAACCACCTCACCCCATTTTTGCGGACGTCCTTTATGGACGATTCCTTACTGCTTTTAGATTTGTATTCTTCGCGTGTTACACATCCCTATTCTTTTTGTTGCCAGCCAAATAAAGATGATGGTTAAACATTGTTTTGTCTTTTTTTTATTACGGCCCACAGTCACAATAAATTTGTCCAATACAGAACGTGGGTTAAACTCAACTACTTAATCACCGGTCTTGGGGTTTAGTTTTTCTTATTGTGTTGGCAACAAAATTGCAATGAAATCTCGCTTAAGATTCAGAATCTGCTCAAATTCCTTACGTTTAATGTGCCAGTGCTTGGTCGTCAACCAGTCAGATATCAGAAGCTTGGCTTAAAACTGAGTATGATATTTTTTTTTGTAATATGTTGAACGTAATCATATCATGTTTAAATGTTTCCCGGCCGTTGCTACACAGACAGTTTGTTGTTGCGTTATGCACGAATCGTAAACCCAAGCCTTTCCAGGCACGAATAAAAAACATCCAAC,Hypothetical,MAAENREGRTSYDYIVIGCGGIGSGALYWLSKRAKGGVLGLEQFKLGHDNGGSQDHSRIIRLTYHDPMYTKLTPHTYTCWEEVEKESGLRVLYKTGSLQVARKGEMDDLIKKYADSMKKENIDYEWLTGSQLRQRFPQFTTDDRYIALYQKDGGLVDAALCNAVHTQLARGNGATIIENCPVTRLEKDQQGNICVYTTKGKFYCRKVIVTSGAWINQVLSSTGVHVPVYVTQEQVTYHATPHMKDFTKDKYPIWFFHDPKYDFYMMPINNNSGPKIGIDAAGPVVTAHTRTFEPDPVREKACEELYKELVPKALGPRLYTKTCLYDITPDRNFVVDTCDKYGWKNLIVCCGAGHAFKFASLLGKILSEMAIDGQTQYDISHFNIDRKALTDPNYEPIFYYGTDKKAFDKTTHQKAKL,MSOX (Monomeric sarcosine oxidase-like),Catalyzes the oxidative demethylation of sarcosine. Can also oxidize other secondary amino acids such as N-methyl-L-alanine.,-17.37,<-20,Female-biased (0.58),
M-sncRNA-1,aggggaatggcagaaaagc,3616,3598,Y,Y,N,tRNA-Leu,One mismatch at 3' terminal,3' UTR,687,FUN_011807,CCAGAACTTTCCTGACCATTTGTAGGCAACAACTAGTTGGCAATGTCATTAAATACATTTTTATCCAATGCTGTAGGAATCTGGTAGTTAGATACCAGAGCCAGGAATTTCCTTTGTAAAAATAAATATCACAATCGATTTTGCTTTGAGTGTAATGAAGTTTGTAACATTAATATTTACAATGCTCAATCTGATCACACGGGTGCTTTTACTTTTAGACCACCAGCCATTATCATATGCATACTAAGTGATGCTTTGCAACTGAGAAGTGAGACACTTTTGTTGATTTTCTAGTTATTAAAGCATTTACCATCTGCACTCAAGGAGATTGTACAATGCAAACTTGCTATTTTACAGTATTCTGTGGTGATATATGTAGTTGTAATCCACACAACATGGTGTCCAGATGTTATAACAGATGATTGCTGCCCCAGTGCCAATAATAAATATAAATATCAGTAATGTCTCTGCTGTTATGTAGTTGTAATTCATGCAACAGAGTACCATTGTCATAATACATAATTGGTGCCACTGTGCCAATAATAGAGATATACAACTGTAAGATCTCTTCTGTTACATGCAGCTCTAATGCATGTGGTCACTTCAGCACTGCAGATCATGACAATACACAATTGGAAGTGTGTATTTTTCAGAGATTAAACATACTGACAAAGGAAAGAAATGTTCTCACAAAAAGAGCTGCCATTCCCCATTTTAAAAATGTGTGAAAATATTCCTAAACAGAAAGACCAGAGAGGGAATTCTCATCAGCTGGAAGATCCTGAAGAAACCGCTATTCATAAAAGGATTTTAATAACAATACAAATATTATTTCAATGGCAGTCCAGTCAGATTGAACCTTTTGTATTTGACTCTGTATTTTGTAGTGATGAGAAAAAAAGGCTTGGTACAAACTTGCCTATGGAAAAGTACATTAGTAGTCGGTAATATGGTACCCAATTACAGCAAGCATTACATCTGGAAATCATAAAGGAACACTGTATTTGACCTCAAGGATAGTATGTAATTGAGCCTAGTAGGAAACGTGATGTGTAATCCTATTTCTTCATTATCAATATCAAGTGTATCTGGGCCTACCTTCAGTCAAGAGTGTTGTGCATAAAAGACTTCTGTCAGGAATCTTCTCCCTGAAGGATTTTGTAAAATTATTTCCTGTATCATTATTGCACTTGCCACAGTAGTAAACTGTAAGTGGGTGAAATGAATACCAGAAATGGACCAGATTCTTTTCATGCATAAAGGTTAAGATGTACTTCAAGAAAAGAACTTAACCTTTAGAACAAAGATTGAAACAAGAAAAGGAGGCATCAATCCAAGACACATCAGAAGATAAATATTGTCAGTATCACAGCAGTATTGAAAAGCAATCATTTATTTGTACAGGAATGATTATGCATACTTGCAAAATGTTATGCTTGACAAGTGTCAACTGATGAAGTTTCACATACCAGCCAATTGATTAATTTTTATGCAAAGTTTGAGGAGTCATGGTGATGTTTGCAACAAAATTTTACCAGAGTCAGATCAGACCCAAGCAATCTTTAATGTAAATTTTTAAGATAAGTTTATATTATTTTTTGTGAATAATTTAGGATGACTACATTAATGAAAGATGTCATCTGTACCTAATGGTACCTTTTGTTATGGCATCATTATCTCAGGGTACCTCCTATTAAGATTTGTCCATTTTAGAGTACCTTGTGTTTATTCTGTAAATTTTATACATTTATATTGCATTGTACAAAATGGAGGTGCAAGGGTTGTATGTGAAGGATAACATTCTTCAGCTTGCTTCAGGGAACAATTTAGTGCCAGTTACAACTTTTACGAACAGAAATAGAGAGAAAGGATTCCAGCCAAAACATGTCTACAGGTCTAGCACCAGGATTTGAAAGTTTAGCTGATGCAGAACATTCATCTAAATGCACTGTTTTTAAAGAAATTATAATTAGACTTGCAGATAATAGGGCCATCATTAACTGATGATGTTTTACATGAGGATGATATAGACTTGAAACATTAACATAAATGAACCTCATTATCTAATCCATTATAATATATGAGCAGGTTATATTGGTCATGCAGTCTTCTGAAGAACTGACTAGTTGGAATGTGGTTTTTCTGGGAAATGTACTTTTGCATGGAATGAGGTTTTTCTGGGAAATGTACTTTTGCATGTATGGAACAGCATAGAATGGGGGATTTGATGAACCTAATCATCACTTTAAAATCCAAAGTTATTATTTTATTATTTCAAAGTTTTTAATGCATGGTATATGCTTGTAATAATTGCAGTAAATGAGATTGTGATGCAGTAGAATGTATAGTCTCTTGATTGGTGACAGCACTATATAATCAATATTATATAAAGAAATATGTGCATTTTAAGCTTGTTCTCAAGACCTGGGTGGTCTTTCAAACCAGGTTTTGCTGTTATTATAAGGCCAGTAAAATTCATTTTGAAACAGATTTAGAAATCAAGTATAGTTAAGCAAGAGCAGTTAGCCTCTATTCATCCCAACTTTCTGAGTTTATTCCCATTACCTTTTCACTGCTGCCTCATAATCTTTCTTGGAATGAGAGCCTCATCTAGGAAATTTATATATACATGTATGATAACCTGTATCACATGCATTCATATGTAATTGTGGCAGTAGAAAACATAAAAATAACATGTATTGAAACTTGCTTCTATATATTCTTCCCAAGTTACTTGACAAGGTGTGGTTTCATATGAAATGTTCCAGTTGAAATTTCAACCCCTTCTGCAGTATACATATGAATTTATCAGTATTTAATATCACTATTTAATCAAATGTTATTGTACTGAGGAAAAGTCCTTCACATTTTGTTTTTAAATTTTGTTTTGTTTGGGCAGAGATGACAATGATAACAAACAAGCTCTTTTTTACAACTATTGTTAACTGTAACATAAAATTTATTAAACAAACAGAATTTAGTTGGTTACCTATTCACATTGAAGGAATGACTCATTATTTTTTATTTCATTTACCTCTACAGGTTACTGACCAGAAGAGCCAATGGATGGTCTGTCATCCATTGCTATCTAAAGTTTGTTATGGCTTCTCCTCTAAAACTACGTGGAGAAAATGACATGTAGGTTTATGAACACATTCATCCCAGGGTATAGTTGGTCCTGAATAATAATGGTGCTACTTGAACATCCAATATATTGGTCTATGGCCATCTTGAAAATCTTGTTTCTGCTACTGCTTTAGATTAAATGGTCATATCAACATGGTGTTTTCACCACAAGACATTATATGATGTAAAGTTAGTCTTGATTGACAATGGTTCTGATCTGAGGGCCATTGTGACTGCATCAGAGGCCATCTTGAATGCTTCTTCTGAATGGATGGTCATATAGACATCAGGTTTTCAATGAAAGATTTGTTTGTGCTGTCTTTATTGGTCTTAATTGAAAATTGTGCTGAGCTGATGTCTATAATGGCCACAAGAGAGGCCATCTTTTAAAATCTTATTTCTCTTTAATAAATGGTAATGTCATGATGTGATTTTTAATTCAAGACATTTTTAATGTCTGGTCATTTGTAAATGAACATTGTGCCAGCCTGACTTATGTGACTGTCATCAACAACCATCTTAAAAACCATGTTATCACAACTTCTAGATGGTTGGTCATGTTGACATTGGTCTTCCAATCTGACTGGTACAAAAGAGAAATAGTTCCTTTTTGATATTTAATTTGGCCACCATGGCATCCATCTTGAAAATCTTGTTATTTTTACACGTAAAAAAAAGTATCAGTCATTGGTTTCCACCAGGAGATTTGGTAACCTTGTTTGTCTTATCCAGTATATTTATCACAGCAACTAATTTGAAAATCTTGTTATCGCAGATAGAATATCAAAGATGGTTTCAGCACTCGGCAGTTCAAGGGAAGAAATGATATTATTGATTCATGGAAATTCTTTTCAGCAAGTAGAGCGGCATTCCCTTTGAGGGAATTGTGTTGTGGGGATGTTAAATTTCTTTCTCTTTTATCAAGGGCATGACTTAATGTAAAGTGGCAGTCATACCGTAACATGTTTTAGATAACCAAGCAAATTTAAATTTGAATTTTATGTTTAAGATATGCACGATAATTTGATGTAAGATTTGTGCAGTTGTTTAGTTAAAATTATAAAGGACAGTAGTGTGTGGGACAGATCTAGCAAGGTTTTTATGTAACATTATGTACTCACTTGTAAATTGGATCCAACATGGACCCAGATCTGCCATCACATAATGGATGGGGAGATCAGGATCTATTATTTCTTGCTGAATTGGCTTGACAAACTGTATAGACCTAGACCTTCTAGCAGATTATCCAACAGAAAATCTGGGTCCATACAATATGGATCTGACTGATATATTAGCCATATTCTGTTTATATTTTGTAAATCTAGCAGAGAAAATATAATCTAATTTGAATGACAAACATATTTTGCTGAATTTGTCTAGGCTTGTATACTTTTTACCTCAGAATCTGTTTGTACTTGCATGTAAACTATTATGGTTATCAAATCTGTACCACCTATGACACAGGTAAATAAAATTGGTGACTGTCACATTTAATAGTAACTTTAAACAGATCACCCTTCCTATGAACGATGAGTGCTAATAAAAGTTGCTTGAAATGGTC,Hypothetical,MEGKKSRSKRGQKRRLDIPDDKLRKLTRKNKSTPDVGTAKDAKEKSVENEQGGSTNAEKQSSPKSDRESPEPTCAICLGKLENKSFTDSCFHMFCFVCLLEWSKVKAECPLCKQSFKSIVHNVRSYDDYDQYHVPRPEQRDATELFDRRFRYRTTLTGDHRYVIPHDASLLQQQLELDLLQRPSRWSGALTAHAQFRARRQAATSEFRRRIYQNNLRIMEPRVKRQRDASPGFYHRNPACTHRLLPWLNRELNALLHNHESHVAFVIELIMSLIMRFPIDSEEFFQHVYPFVGRHTRQFMRELLVFARSPYCMTAYDQHVMYEPQADTIESDSDSSSEHSDGNNSDIVILSPSEFPAENMSRNERQHRYDRRTVNIPPNLFGNPTTFLQEPAEEHRFSFEDLTPFLERVRRELEVETAATATSGWDSPTPGPSWFGNSSSSAEPIQVDSSEGASDSEATIPATSPRYDRELERVSSSMLTKEKVRVKKNPHQSQASEDSSSDSSNNECDVEIIGYEKPWLERSPVALMSSDDDVDRSGRNYDENETEVRVKSETKKHKKNKHRTWSDSRSSRSKSSGKHSIGDGSYSRATSSRSSSRSVEKCSKLYSHHKSDAHGYKHKKFSYSNRVSSETCSERHRHKSDKSLLLASASPNSTSSSGTERGSRHISYRCRHRTRSRSSSIEIIEYKERNSKHKRKKKHKKHHKKHKYKKDKHKKMDTARSKDHDVQKILDSDEMITSGQDGLLSAPERGYIYASGEGDKQDHSVMTIPSVVVKVNAGMHGHGSFSEKSSESEKSSNNSGGDSNGDKPSKKTFKKHPSGHKKSSTQTSRMNASLDKTSQDACTKNKEDILDKESSNEENVSEERLANHFVDTSLWTTRYVDFEPGLTNNMDDSIKHANRNKDTFEEPQTLGGSRQELKTDTGVKWTIKVHTSENPGFISYSCETEKSINQNSDDEPSLKESQIREKNLKADTQHSYRKKVSILPGKVVDNSECSRNEIGNSTPISGGDGGENSVQAVGTLHKDLFNHRYTDQWTDEGMGSSACDPYLIQNGINSTKMEITQRAANFCVCNDTTHSKVYQEENTGKELPQKTSTAREPLDQIQTGLCNTYYTSGKAKGISLSADSSVVDVCHTHDTVQEKNFLSAEVHDPNDNLRQQCESGMQGYQYNFNQSKDTFSSEHQQYQMSKDLESMSGDLYEKLGYYAETPRLVEHSYKEPSPYNNSLFSSQVRFNNLMAYHDSDSSSSDKTVDESSSAISPIVSLLTNVGIEQSRKTPENDEESSSSWAKDESSPLAIIYSDASRSVTQSPVSQSCEVSDLLPSAYTTSFSGVRIQNTNKVDGTYTEDSSSRDLLDASLFKTSTGTQLQMSETEIDMKEKNYTQVVSLGSSLPSNNETEVLSTHFEIDSDKEIDELSVEDVLTCAPASDNELALSEPFTASKEQTNEDMHSSKES,E3 ubiquitin-protein ligase Topors-like,"Functions as an E3 ubiquitin-protein ligase and as an E3 SUMO1-protein ligase. Probable tumor suppressor involved in cell growth, cell proliferation and apoptosis that regulates p53/TP53 stability through ubiquitin-dependent degradation. May regulate chromatin modification through sumoylation of several chromatin modification-associated proteins. May be involved in DNA damage-induced cell death through IKBKE sumoylation.",-19.41,<-20,Even expression (-0.08),
M-sncRNA-1,aggggaatggcagaaaagc,3616,3598,Y,Y,N,tRNA-Leu,One mismatch at 3' terminal,3' UTR,787,FUN_013869,CATACGGAAAGAAAAATATCCGATTCGAATTCAGTGTGTGCATGTACATCAGCATAGTAATGAACATGATTGTTGTTGTTGGAGTTGGTTTGACAATTATTACTTCATTTGGATGTTAAGCATATGTATTATTGTCCAACTAATGTATTTGCCTTTTTTTGGTTTCTCTTTAGCGATAATGTGAAACTATGAATGAATGTATGTGCATTACAGGACGCCTCTTGTGGTTGTCTTAACATTTGTCGAAAAGAAAATATGTTCTACTAAACGGTAACCGATCTGAGTTAGATTATCAATACAGGTCCTCTGCACTGATCCAATCTGGGACATCTTTTTTTATCATTTACGTAAATTTTCTGCCATTTTCCCATAAGGAGGCTGAGTGAAACTCCTGCATATATGACACTGATGTTTACGATGCTGATAACAATGTTGATAAAATATGATCCGTTGTTGTTGTTGTTGTTGGGCTTAACACTATTTTTCAGCACACGATAGGCTATTCATGGCGGCCAGTATTAATGGTGGAGGAAGAAAGCGGGAAATCACCGGAAAGAACCACCGACCCACGAGAAGCTACTGGCAAGCTTACTCACATATCCACATTCGCCGAATCATAGACTCGAACCCACGCAGACAGAGGTGAGATGGCAGTGATCCGTAACGGACAGCGCTTTAGACCACTAGGCCACTCAGGGCCCCAATATGATCCGTTATGCATCCAGAGTTTACTAATGATTAGTGGTAAATTGAATGCCAGAAAATATCAGATAAACAATGTTTGGTCTACAAGGATAGAAGTTCAACTCTCAGAATCTTGTATATCTCCGAAACGCAACAACGAGGCATCATCAAGAGCAGAAAACCGTGACTAATTGAGTATTACTTTAAACAACCACTTAACTTTCAAACAATAATTACATCAATTAAATGATAAATCAAATGGATCTACTCTAATGATAAAACAAATTTATTTTTTCATCCCACTAAGTAATGTTTAGTTGCTTTCCGAGCTATGCTTCATATGGATTAATATATTTGCATTCATATTTATATCTTTCAACACAATGCTTTATGTTGTTTTCTTCATGTTTCATATTGCACCTTGGCTGTCTAGATTACAGCTCCAATTTCAATGTCATTAGGCTTGTATCACTTATGTATTAACTTGTACATATATCCGTCCTTAAAATACCTTTGAAAATAGGATAGTCTGTTATTGTTGACATCTTTGATGTGGTCACCAAAGTCACCAGCTTCAGATGAATAACCCTGCACATATATACCACCATGTTGACCAATTCTGCACGTCGGATAATTTTTACGTAACAATACGAACTTTCCTTAAACATAGCTTCTCGTGTTATTTTGTGTCAAAAATCCATTTTGTATCAAGAAAGAACGATGGTACTTTAATTAAGAAAAGTGATATTCATAAACTGTAGAAACAATATATCACATTTCGACTATAAACCCATATGTAAATGGGATTTCTATGTCAACATGAAAACCCACTCCATGACCTTTTTGAACGTGTAACCCAGAAAATCCTATTTATTATGCATTTGTTAGAATCATACAAATAAATACATTATTTAAAAGATAGAAATATATAACTCAAAAAGACTGGCATCTTGATCAAAGTTTCCAATTCTGCAAGAAGTTGTCCTGCACGTACAAAATCGTATGCTACCAAAATAGTCAACTTGCCGCTAGAACGGGATTTTCAAGAAATTCCCTGGCGTATAGTCTGTTTCTAAATTCTTTTGATATTTCCTGAGCACAAGACGTTGTAAATACATTACATAATATTCATTGTTCTTCCTCTTTCACATAATAGCTCTTTTTATATAATTTTGAACATTGCTAATTTATTGACAAGATCGGTTTAGTTTGCTTCATGTCTTTTGCCATTTATTGGATTTGTTATTTTGAATGTTGCATAACTAGCTGTAAACCTGACCTAATTAGTCGACTGAACTACTGACAAAAACAGACCAAAGTAATGTGTTTCATTTCTATAGTTGGATGGATAAACATTGCATCTTTTCAAAGTTGTGTGCAAAATAGGTGGACATATCGCGAGTCATGAAAACAGAGAGTTGGTATCCTGATCATCCAAAATTATTACTATTCTGAACAGAATATATGTCTTCGTGGCATAATAACCATTTTAGTGTCAGGCTATAGGTAACATCTTTGGGATTCACAGAATTTACCCCTAGGAAGGGGACTAACCTTCTACACACATGTACACTATTCGCATAATCCTTGAATAAGTATTTGATCTTAGATCATATTTTGATATCCTGTGTGCATGCTGGTTTACTTTGGATCATGAAACTTGGTGACCGTATGCATATTGGCGAGTTCAATACCCTCACTGAAAATGTAAGTCATAATTCATATTAGCCCACTTTTGCAGCAATTGGCTTTAGCTCAATTCTGTGTTTCAGATTTATTTCTCAAGCTCTGTTTATGTCAGAATCGTCAAACAGATTTATAAAAGGCTGCTCCATTTGCAATATCCTTTTAACAAATTAAGGTCACTGCATCCTTCATTACAACTTTACTGGGTTATATATTTCCGATTAGCTTATGACCAAATATATGTTTGCAGTCGGTATACATACTCATATTCATAAAATCATGAATTATAATAACGGAATGCATCTTGATGAGTACTGCGCCCGCATAATATAAATAGATCACTGTGTCCATATTTTACTTTTCGTTGACCTTTGATTTGGTTAGTGTTTTGGGTTTTTATATCAAGCACATTTCATCCTATCATCATTTGTTTCATTCATTAAAGTGTTCTTTGACATGCTTTATGCAAGTTATCAAACCTTTTAAGATTAAGAATGGAG,Hypothetical,MDLLKNDQLKLLLCFLLFMVCSCTDGQIMLEEQLYHGFGCYGDHDEYGFINASCPSGSVIAPVDVTYGAKLRNQTTCTGYILRNNTLDYYQLCCKPENTDCLKIKETNSPYQSCTGRAACIPSIRVEWLPLTNTMCDLLQYGSVYDTSVTSYMIFKYFCVEETRVYAVSSVDATVNASIIYLWNSGYPYSQIPANTKTKCSVEMENCLGTISVITVHVSFPTGSNGTCSHSIKILTSNGEVVQTLSCAVYKNITSIYTSSDTYLYIETENLSGNQSGQFWLGFQATTSSTFHVSCPGKDRIYCLPNTTTSTSTSTTTTTTTLTPSSSTTTTTTSTTTSIPTTTKTTTKPTIQSTITTTNITVSNKSSSIPTNSNIAIIVGVVLGAVVLISIIIILWILWRKFKKRETIPPEETMIESTSLHLPSNYGVPPADHLIGTSKTRRRKHKKQKHKGEMDAENDKTGKKKKEKRRKKTKKKHRYRDHHSYDTNIQTENMDQSDLKMRHTDVGENLSVAHLDILDKTETMNRVDPVPDDSKLHHRKRKKRRREPLSVVEESEQAVYKNNRDRHGKRKKKRNKHSQKEDKSQTYAGEERLPQFQEPVHTFVNEVYPSNDPN,mucin-(17/22)-like,Mucin genes expressed by human female reproductive tract epithelia,-19.12,<-20,None,
M-sncRNA-1,aggggaatggcagaaaagc,3616,3598,Y,Y,N,tRNA-Leu,One mismatch at 3' terminal,3' UTR,1681,FUN_029868,GTGCATGTCATATATTGTATGTATTCATTATTTTGTGTTGTTTTAATCGCAGCGTTCAAGGATAGGGATGGAAAATCTTTCAGTAAACTTTAATACACCATACCATTTGAAGTCGTAAAGAATTAAACCTTTAAGTTTCAATGTTGATGTCTTGAAAGATCTTACAAGATACTAGATTAACTTGATTGAAATTAAAATTCTATAGATCTGAAGTTGAAGTTCGTTTATATTAAATCAAAAGTTTATATGCATTTAGCTTAGCAACATTGATACAATTGTTATAGCTCCAATCAGAAGAAATCTGAACTAAGTTTACGACAGCAAGTACGATCCTAATTTTTTTATATAATATAAACAAACGTCAATTTTCTTTCCATTTACCAATAACGAGAATTTAGATCGTTATGCTTTGGTACTGTTTTATATTTACAATCTGACTCCTCAGTTTATTGTAAAGTCTTGCATTCATTTTGGCATCGATGATCCAGGAGATGCGGTTGTTAGATTTGTGGTTACCCTCATGGCAGCCCAGTCCATGTTCACGAATTTAATGCAAATATCTAAAGGCATTATGCAGGGTACTTGACTGGGCCAGATGCATAATTGTTCTGTATATACAAAAGTTAAACATGTTAAAGTGCCATATTAACTCGAGTTCAGGTATATATAAAACCATTGTTTAAGGAGACGTATCTCCACCATTTTTACTCTCTGCCATTTTCTCCCATAAAGAGACATACATGGTATAGTGTGTTAAGATTTTGTATCCGCTAATATATATTTATATAATCAATGAGAAATTTATGTGAATTTCTGCCATTGAACCCATATACAGTAGTAGACAGCTTTCACGCATTACAAATAGAGATCAACATGAATCATGTAGATTGTCCCTGAACTTACAGGTCCTGTTGCTAATCTACATTTTCTGTCACACTTACATTACCGTATACCTATTCAACTCAATAAAAAA,CARNS1_4,,,"a member of the ATP-grasp family of ATPases, catalyzes the formation of carnosine (beta-alanyl-L-histidine) and homocarnosine (gamma-aminobutyryl-L-histidine)",-16.02,<-20,Male-biased (-0.66),
M-sncRNA-2,aagatgcgtagaatatgga,16163,16181,Y,Y,N,MORF,Perfect match to reference,3' UTR,2347,FUN_044554,ACTTTTATACACAAAATGGTCTCACAACAAAAACGTCTCCATAACATATGATGTTGTTAAACCAATCTATGAAATAGGAAATATTCATTACTATAAACTGAAACCGGGCAATGTGCATTGAAGTCTTGCATAGTCACTCAAAGGTCCATAAATCTTACCTCTTTTGAAAGATTTCTACGCATCGTTTGTTTTCTTGTACTACTACTGTTTTCTTTCAAAAGTTAGTGGCAAGCAGATATGCCTAAATGTGAGTACAAATTGTAATGATGACAAACGAAATACAAATATTCATGACGATTTTCCAGGTTCTTGCTATTGCTACTACTACCACCACTTTAAACCAATTATTATTATT,GCNT1,,,Selectively involved in synthesis of mucin-type core 2 O-glycans,-12.53,<-20,Female-biased (3.75),
M-sncRNA-3,gaatactgggctgtgatct,4167,4185,Y,Y,N,tRNA_His,One mismatch at 3' terminal,3' UTR,217,FUN_002805,ATACTGGAAAATTGTTTTGGGTTTAAAAAAAAGCAAGTTTCATTTATTTTAGATATAAAAAAACTTTCTTGCACAGAATACATACCAGATGTTTTCCATAGCTTTGTCTCTGATATTCCATTGCGTATGTCTTTATCTGCTACACAACGTGTAAAGATTCGTTTTTCTAATATTTATGACAATTTTCTGGTTCATAGACGAAGTATATTTTTTAGAGGGAGAACCCGGTGTATCTACATAAAAACCTTAGAAGTAAATCTTTTTATTCACATTTGGTTCAAATCGTGTTTCACATAAATGGATATCCTTGATATATTGCGATATATAAGATGCGATTTTGTATTCAGAAAATGGTTTCACCAATACATTTGATTATCTCATTGTTAATGACTTTTCGTTCTGTATCACCGTCAGGAAATATTAAAATTATTAATTCAATGTTATGTGAATAATTTTTCTGAAATCCGGTTACCATTGGTACTTTGCATGGTCACAGTCGCGTGGCGGATGGGTCATTGCCCCAGGCGCCAGAATTATTGGGGAGCCAAAACCATGTGCCCCAGAGGTCACGGAATACTCTAACCATGGGTGCACAGGTCTTGTGGCGCAAAAGTCCTTTCGCTATCATCGTCATTCCGAGCACCATTTACCCTTAGTATGCCCTTGCATATTCAAGACATTAATATGTATCACTTTGCTGAAACTTTTCGGCATTATGCAATGACTTTGTTCCAAGTTCCCTGATTTTCATATTTATCGACATCAGTTACTTTGTTAAGCATGCAATTTGCCAGCTGGTGACACATGTGATTAAGCTGAAGAATTGTTGTAATTGCGCATGTGCATGCCCAGTATTCTTGTGGAGCACACGGAATGTTAAAACTAGCAAACTAGCAACTGTTGATATTTGGGACATGTTTGTGAGAAAAGCAATTACACGAACTGAAAATGTTGCACCCTTGTTACTTTTGGCTTGTTTTCAAATTGCAGTGATGAACATATGAATTTACGTTTGGCTTGAATCTGAAGTAAAGTCAAGACGTATACAGAGCTGGAAACATGAAGTACCATTTAAAATATTCCTTCCTGACTTTAAACAGACATTTCTAGTATTTCTAACTTCAGGTCTTTTGTTTCGAGTTTACAATGCTTATTTATTCAAACAAATTTTTTTTATTAGAAGTATCCCCGAGACAAATTAAGTTTACCTCGGGGAAAGTTTTGTAACAGATTATGTTGTTTTTTGTTTGTTATACAGACTATATAGATGAGCACAAATTTGTATTCGTGTGTTAATTGGTTGTAGGTTTACACAGGGCCTTGCTAGTCAGTGGATAGTTCTTGCGTTTAGTACTGAAAGCTCCTATATAATATGTGTTCAGTTAAAAGAGACCGGTCAGATTTTTTTATTTAAGTTCTTAAAATCTCATTGACATTTTTGTCGTTTATTATTATTATTATTATTATTATTATTATTATTATTATTATTATTATTATTATTATTATT,NHL-1,,,Enables ubiquitin protein ligase activity. ,-16.1,<-20,Female-biased (1.37),
M-sncRNA-3,gaatactgggctgtgatct,4167,4185,Y,Y,N,tRNA_His,One mismatch at 3' terminal,3' UTR,1334,FUN_023714,AATATCCCACTATCTATGAATATGGGTAAAATATCCCATTATCTATGAATATGGGTAAAATAACCCACTATCTATTAATATGGTATAATAGCCCAGTATTAATGAATATGTGTAAAATATCCCAATATTTGTGAATATTGGAAAATTATCTCACTATTTATTAATATGCATTGAA,Hypothetical,MANKLGYCMKIWYVPLSMSATFLLDSVFQNAYLYLDFSVFSTLLQSLFSLHCFTYPDYNVPTDGNEWLEMGQNRTEIQERISSLSIKIFLLTTYNMVISLNYG,"Very Poor: sonic hedgehog protein A, NADH:ubiquinone oxidoreductase, subunit RnfB, putative transcriptional regulator, TetR family",,-12.3,<-20,Female-biased (0.83),
M-sncRNA-3,gaatactgggctgtgatct,4167,4185,Y,Y,N,tRNA_His,One mismatch at 3' terminal,3' UTR,1890,FUN_034081,TGACAGATATTTCTGACAATTATTGATCAAAATTGACAGCTGGCTTGCAGGAGTTTAGACTTGTGATTCAGTTACCTTAAACAGGACTGGAAATTATTGGCATATTCTGTGTAACAGCATGTGCATGTTGTAATGGGAAAAAATGTCTGGATGGTTCTTTTACATCTCCCCAAGACTTTATGATCAATAGAGATCTTGTTCCTGACAAGCCATTCATCACTGTAAAGTACTACAGTAACTGCTTAACTTCACTTAATTTTAGTTAATGGCTAATGGAATAATTTATAATATGGTTGTACATTAAAACCTACCCTATCTATTAACCTAGGTGCAACAATTACCATACCCACTTGGTCCAAAAAACCAAAAGTAATTGTGGGCAAGTAAATATTCCTGTAGCTAGCCCAGTATTTATACCAGGGAGTTAAAATTCCAGTATGGACCTGCTGACTTATATGAAAATTTACTAGTCTGAACCATGATTTATATTTGCCTAGGCTAGTTGGGCATCCCTTGACTTGTACAGAAATAAAGAACATATTTAAAAATTCAGTG,PPP4C,,,Enables protein serine/threonine phosphatase activity. Involved in regulation of double-strand break repair via homologous recombination. Located in cytosol; nucleoplasm; and plasma membrane.,-9.33,<-20,Female-biased (0.70),
M-sncRNA-4,agatacctgccagtctgaa,7724,7706,Y,Y,N,16S,Two mismatches at 3' terminal,3' UTR,1234,FUN_021787,GAACTTGATCTTGCTGCATCAACACAAGTTCAAAATAGTACGCTCACAAGAGTATTTGCAAACACGATGATCAGCATGTTAGACCATACTCTACCAGAACATTTGCAGCTGGTCTAAAAACGGTTTTAACAATATTTTTTCAGTTGGCACTTACCATGGATAAAAAATTCTTAAAAGATCATTTTGGGTCAGAATATTTTGTTGTTAAAGAAAGAATTCAATACAAATATTTTAATCATTGAACTCCACTCGTGTTCCTATGTATACAGATGACCGTATCTGTATTAACATAACTTTGGCTTTTTGTTTTGTACAAAATTTATTGTATTTTTTTGCTTGCTGAGGTATATTTTTATACGAATTTATATCTCGAATAATAATCATGGAAGATATTTTTAAAAAGCTCATGTTTATACATCTTTAAAAAATCTGCCACATAACTTTGCTTTAATAGTTGAAGTTGAAGAATTTTTGTAAGTGGTGACAATTATAGTTAATAAGTGGGTGAGGCATGTGACCAGAGTAATCACTATCAGATATATGGACTGGTTTAAAATTAATCTATTTATGATATCAAGTACATGAACTGGTATAAAATTAATCTATTTATGATATTATCAAGTGTATGGACTGGTCAAAAATTCTGCATTAAGATATAATTGCCTTGAATGTGCAGGGTTTGTATAAATGTGTTTTCTGACATATTCAGTTGATGTATAATGGTAGGTTCAACAAAGATATGAAATCATGAAAAATGGATTTTTCTTTCTCATGTCTTTATATTTTACCCAGAATGGACCAAAAGTATTTTGGTAGATTTTCAAATGAAGAGTACCATATTCACCTATGTATAATGTACATCTGATTGGAAACTGTAGATCTCTCACATAATGTGAAGCTACATCAAAGACTATTCTGCTTAAAGGAAATCATGGTAGGACAAATATAAACTCATCTTTTAGTGCATTATGCAATGAGAAATCGAGGTGTATGTGGTTGTTATTTTGGTGAGGCTTGTTTGCATAACAGAATAAATAAAAAAATAAAGAATAAAGAATAAATAAATAAATAAATAAAATGTATAATGTGAAAAGACTTGTTTGCTTACCCTTGTGACCCATAAAATGCTGCATCAACACAAGTGAAACCTAGGTATGCATCAACACAAGTAAAAGCTAGGTCATTTTAAATAATTCTTATATTCATGAATGTATTATATTTTTTCTGAATGCAAAGTTTACATACAGTCAGGAGAATAGAGTAGTATTATAGTGTTGTCATAATTATGGTCATTTTGTGATCCAGTGGACAGATATAAATAACATTATATATTTTAGGAAAAAAATGAAATTCTAATCTGGACTAAAATTTGATCATTTTGGTGAATTGGATCTTGTCAGTGGCAGTAGAATTTGATAAAAGAAGTATATATCACATAACAGGATTGAGTAAATTCAGTCTGTTAGAATTTATCTTTCAGCTGAAGCAACAGATCTCGGCAGTGACTTCATTACTAAAATTTCAGCCATAAAGAATGTCAGCATTCAGGTAAAGAAATAATGTTGTTGTTGTTCTGGGGCTGAACGCCATTTTTTAGCACACAATAGGCGATACATGGCAGCCAGTATTAATGGTGGAGGAAGATTCCTGGAAATCAGCAGAAAGAACCACCATCCCACGAGAAGCTACTGGCAAGCCCTCTCACATATCTACATTCGCCAAATCTTAGACTCAAACCCACGCAGACAGACATGAGATGGCAGTGATCCATAATGGAGAGCGCTTTTGACCACTCAGGACCCCCAAGAAATATTAATACAGTATCACTCTACATGTCCAATAGAGCCAGTAGTATTATATTTACACATTTTTCTCTTTCTAAAGCAGTACCTCAGTTTTATCTTGTTTTCTATTTTTCTACAGTTTTCTCGCATATTAAAAATGTTTATATTGTATGGGTTTTTAATAAAGAACAGTTTTTTAGTTTCATTTTATTTGTATCAAATTTTCTAAAAACTATAATCCATACTCAGATGAGCAAAAAACAATTCAGCATGTAAAATCATAATGATTTTAAACCAAAATTGAAGTGGCTGGCAGGTATATATTCTGTAATTATTCCTATTAGGTGTGCCCCCAACTGCAGTGATATAGACCCAATCTTGCTGTGTGGTTGGCAGATGGGCATGCGATGTACTTTAAAAAATAAGCATATGTGCTTGATTCCAGTATCCAGATTGCTATCAAATATCTAGTCATGTAATTTATGTAATTAACTGCATTATGCAAGTTCATCCTGGATGATGATGTGTATGTGTTTGTATCATCACCATTATTTACATGTTTGTATACATTTTCATAATATACATTTAATGGTCATTTCAAAAACAATCATAAACATTAACTTTTTTATGCAGTGTATAAATCTTAGCTTCAGACATGTTTGCAGGATCAAAATTTACATGTGTACATGTTAGATTTGTAAAGTATTGTCAAAATAATGTACATTAAAAGTTTGTTTTTTAATTCTTGGTCAGAATTTTTTTACACTATTTGTATAATGCACTGGTAATATAATGTCCCTCTTGGTCATTATTACTGCTACCCTATGTACTCACAAATTTAGACCTACTGTAAACTGCTCAGAAGCAGATTTGCCATCATGTAATGTGCTGCGTATCTGGATCTGTGCAGTTTGTCACAAGTACTCGGTGGAATAAACATCGACCCTGGTCTAATAGTGCAATACAGGATGGCATATTAGGATCTATGTTTTGCCTATGATTTATATGTGAGCACATGTGGTATTTCTTACATAGTATGTGTGATATAATTTCTTGTTTAGCTGCTCCTGTGTAATATTCTACACTCTGGTAGTAAACATAAATAGTTATTTAGCTCAACAAATCATTCACTACCCACAAATTAAAAGGTTGACTGAGAATAGCTGTCAGTTTTGCTTTCTTTCTGTTTGTTTTTTGTGAGGGACCGTTTATGCCCAGTATGTCTAAAACAGGTCACAAAAATCCCGTGTCATTCAGTGTTATTTATTAGTATTGCTCGTTTTTGCACATTCTGATTTTGATACATAATTTCACTGACTTGAGTTTACCAGTAATTTTATTACAGTGATGGCATTTTGAATAAATTTAGCAATAGACATAAACAAGTGCATAAAAGATTACTCCAGAAAAACCCCACTATAATAAGTCATAACATTATTTTTTTATATTTGTCGTAATGTGTATTGTACATTTTCAAGGTTCCTTATTACATACCTTAGACATTGTTAAAAATCATCTCCAGTAAGGTTGTCATTAGCAACATTTCTAACCTTAATATTTCTCATTTTATCTCGTAAACATTTTTATAAACCTGTTTTTCTGACTGTATGTAAATATGTATGTGAAATATTTTGTTTATTAAGTTGGGTCCTGCTGCAGACTATGTGGACTCTGATCTGCCAGACTATGTGGACTTTATTGGTTTATCTTTTAGCAAACTGCATAGACCTGAAGCATTGTGCATTGGCAGATTTGGATAACTGTAGTTTGCAGTTGGGCTCAACTTGTGAACAAGTATATACAGTACCAACATGAAATTAGTTACCTCAGAGGTTTCAGGTTCTAGGGAATTGGTGTTTAGTTCTTAAGGTTATGGCATATTTAGAACATCATGTACAGGGACTGTAACCTAATTGCTTTTATTTATTGTGTGGTTTGTTAAATATATTTGCTTTCTGTTTCGGTTTAAAAAAAATCACTAATTTCTGATTATTTCTGTTTTGAAGGGTGTCAGGTGTCCACAAAGCACTTAGTGAATGTGTTTTTTGGATAAATTATTATTTATGTTTTATAGCTTTAGGCTGTTCCCATCAATTTTTAATCCCCAATTCATAAATATTTTTAAAGTTTTACTGTTAATGTCCC,SND1,,,This protein is also thought to be essential for normal cell growth.,-14.84,<-20,Female-biased (0.57),
5,tagggtgaaggttgtggaaggctcagattcg,14304,14334,N,N,,NC (COX1 and COX3),Perfect match to reference,3' UTR,442,FUN_006737,GTACAACTTTGGAGCGTGGTGTTTCCTCATTAAAAATACAAGAGGACAACTCGGGTCCAGATGCTACAGAGCCGACAAAGAATGACTATCTCGAGGGACTCGAAGTCTACTTGCCTCTCTTGCCTAAACAGATACTGAACCTGAAGATTTTGAAGTACATTCCATTTCTTCCACAACCTTCACTCATTCATGAAAAAGAGTGGTTATGAGCTAAAATAAACTGACTATATATTTACACAATTAGAAAAGCTATTAGCTAAAATAAACTGACTGTAGATTTCGTAAAATAGAAAAGCTATTAGCTAAAAGAAATATATTTATCATAACAAATCACAATAATAGTTTAATACCAATTGTCTGTTACTTATATTCCACTGACGAAAAATTAGTTCGTATTTCCTGAGAACAATATATATTATTCAATAAAGACTGTATAATC,Hypothetical,MNTNQSETPATTLIMDVLDENGDIEMNSINVEAVDAVDLPKLTKETDIRKEVIQSLVYKVSDRPPIHLAIFFALQQALLSLSGSLAISLLVADVVCAANDEDVKSRLLSSTLFMNGVTTLAMVVIGVRLPLYLGAAGDYIIPLLVLVNIQKDRCNLQGEQQSANPMNMTDQNNASNGAIIVDAERASTEMILNYIRMLEGSLILAGVIQFFIGVTGLTGLLLRYLGPVTIFTAMLLNGIYIVKACLKFIQAQWGIALLTCGVAVILSVYLEHKKTPLPFWTRDKGLHIKFYPFHQVFAILIAITVGWLVCALLTYFNVFSPSKDALDYLARTDARSQIIHDAKWFSVPYPGCQPICVCFRRNNLHPFWHYWEVLGCLHYYTIPCSGRCSDNNVWNVQWCSVVQSPDAFFKVQQKSRYPWHFTFYGTGCSTLCRDKSELDRHRC,solute carrier family 23 member 1-like,,-23.8,<-20,,
6,aaagcaactggctgttaaca,7442,7423,N,N,,tRNA-Asn,One mismatch at 3' terminal,3' UTR,356,FUN_005098,GATGAGAAATTTAAACCACAACATACTGTTTTAAACTTTAATCACAGCTTTGGTTCATTGGTGAAAACCTGTGTTCTTCTGAGGCTTTGAATGTAATGAAATGCAGAAAAATGTGCCAAGAATGGAAAGAGAAATGAATGCTGTGAGAGTAAATGCAACTTTTTAATGTTTTTAACATCAGTTTCTCATAGGTAAAGAGCTGATTTTCATGTAATTAACATTATTTTATCAGAAAAATAAAGAATTTTTATTTTAAACTTTGACTTTGATGGCATAACTGTTGAATCTCATGCCCGGGAGAAAATAAATCTAGAGAATTTTGGGTCATTTCATGCCACCTGATTTCATAACATCACACAGTTTTTGTAGAAAACTCCAGATAAGTATATCATGCCTGTTGAAAAGAATCCTACATAAATAGATATATGCAATCCACAGAATCCATATTCTGTTGTATCACCTGTGAACATTATTGTGAAGAAATAACTATTATCACTCAATAAAGAATGTTTTCTTCAGAAAACAGAACATTAAATTACCTCTGTCTGCATGGATTTGAGTATAAGATTCGGCGAATAAGGATGTGAGAAAGCTTGCCAGTTGCTTCTTGTGGGTCGGAGGTTCTTTCCACGGATTTCCCGGTTTCTTCCTCCGTTAATATTGGCCGCCATGTATAGTATCGTGTGCTGAAAAATGGCATTAAGCCC,Hypothetical,MKVENVLNCSFSSWYSLFKDITTKSIVIPLPQEFLEYLLCDGLVLPEQAVDVSSNENADEDNIIGDEIDWSTEDISTPVAEPPKFPDFENIVKKSIQKLGGCVFPKLNWSAPRDAAWISFDKTLKCTCPSDIYLLLKSSDFITHDLTQPFALCEDDENYKNDIHVKYDLVLRKWREFNPSNEFRCFVKNGSLIGICQRHHTMYCSFIGQHKDEIVADIQAFFYHFIQGNFPDKSYVFDVYRRDQGKILLIDFNPFGEVTDGLLFSWEELLGDERLNGTILSNGEDELQVPAFRYIEKSSGVQPNPYTTYAMPKDFVDLATGEDPQKLIDFLRLKVQEQGAEDSSDDESTPEINSLQGQ,cell division cycle protein 123 homolog,,-13.24,<-20,,
6,aaagcaactggctgttaaca,7442,7423,N,N,,tRNA-Asn,One mismatch at 3' terminal,3' UTR,834,FUN_014628,ATCCACTGACATGTAAGATTTCCTGAACAATGTAGCATTGCATCGAGTAACATACAACATAAATTAGCATCCCACTTTTAGAAATTAAAGTTATGAAATACATTGATGCATATTTACATATCTTTATGTGAAAGTGTCAAATTCTATTCTTTCCAGTTCAGGTGCCTTGACCAGCACAGAAATACTCAGAAAGTACAAGTTTAGCAATACCAGTGCAGAAGGACTCAAAAGTGAACTTGTTTGACAAGACTATTATATACAGCTCTAAAAGATCAGTGAGATCTCATAGCTTGACTTGGACGAAGATTCTCAAATATTCATACAAACTGCCTACACAATTATTCACAACTACACAATCTTTCTGTTGTGTTAATTTTAATTTATTTTATGAGGAAAATGTTTGCTTTGTCCTTAATGTCAAGAACTTTGACAATGTTTGGTAAAGGCATGTTAGAAAAATGGCCAGATTTCTCATTTAAGTATCACAAAATTAAATTTTTTTTCCCTTCTTAAATAATTATCAGGGTTAGATGAGGTAAAAAGAATAGTTTTTCAAACATTTGGTTACTGAATTAAACTTTTTATCAGTTGCTAACAGAAACAAATAGATGAAAAATGATTTTTACCAGGTTTAGATTACAAATGTTTGGAGTTTGTTAAGATAAGGAAGGATGGTGTAAAGACATGTATTGATTTTAGCATATATCTAGGAATGACATTTTATAGAGATAATGTTATTACTTTTATATTGAAATGCCATGGCAATACTAGAAATCCATTTCAAGAGAATTTTTTAAACATATTGCTTGTAATAAAATAATGGCAAGAATGTTGATCCAGCATTAGTACCCAGATCTGACAGGACAGTCATGTCTGTCTATAGCTTCTATCTACTGGAAGAAGACAAAATTAAACCATGTATTGTTATTAATACTTGTGGATTGCTTGCTTCTCTGCTGTTGGGAACAGTTCTAGTTTTTGGTGGCTGACAGAAGAACTTACAAATGCCAGTTGCTTTTTATTTTTATTTATGCCTGATATAGGTGATATTGGGAATTTTTAGGCTCTTATTTTATCTAGGTACTACTAAAATTATTTATAACCATAAGAGGTGAATTACTTAAAATGTCAAAAAAAAATGTAACTCCATGAAGCTATCCTGTAGCACTCCTTAACCTGATGCATGTGTGCCATAGATATCATGGACTGGAAGCTACACCCTTATGCATGTGTGTCATATAGATATCATGGACTGGAAGCTACACCCTTATGCATGTGTGTCATATAGATATCATGGTCTGGAAGCTACACCCTTATGCATGTGTGTAATATAGATATCATGGTCTGGAAACTACACCCTTATGCATGTGTGTCATATAGATATCATGGTCTGGAAACTACAACCAGATGCATGTGTGTCATATAGATATCATGGTCTGGAAACTACAACCTGATGCATGTGTCATATATATCATGGTCTGGAAACTGCAACCAGATGTATGTGTGCCATAAATATCATGGTCTGGAAACTACAACCTGATGCATGTGTGTCATATAGATATCATGGTCTGGAAACTATATACACCCTGATGCATGTGTGCCATAAATATCATGGTCTGGAAACTACAACCTGATGCATGTGTCATATATATCATGGTCTGGAAACTGCAACCAGATGCATGTGTGCCATAAATATCATGGTCTGGAAACTACAATAAAATGCATGTGTGTCATATAGATATCATGGTCTGGAAACTACAATCTGATGCATGTGTCATATATATCATGGTCTGGAAACTGCAGCCAGATGCATGTGTGCCATAAATATTATGGTCTGGAAACTACAACCTGATGCATGTGTGTCATATAGATATCATGGTCTGGAAACTACAACCTGATGCATGTGTCATATATATCATGGTCTGAAAACTGCAACCAGATGCATGTGTGCCATAAATATCATGGTCTGGAAACTGCAACCTTA,Hypothetical,MADARTGIEKGPPDAMEDMLSSSTRAVPADDDGMIRTKESIFKEDPGLTKSHAISIGPDQLESSNLLQDSLQEMQETNSYYTYTDSEKCTELDDIPTSSHSIPIGDEQSFEIELHDSQFPKSSIIFVTNDVVASSEGNVFSFPLEDLQQKDISTFTDGALIFIRSEDISGIQYVGKGPTAGEIQCLSSPQTSVVHTSSSELLVANISNVNCKRTDRANVDKHGLAQTLEIKTKNKGNTPKEETLIETFGKTKESDSINDNVIVNFGEIQSSRNILSPENASANEILYDVNKDIVDDTNNANNASLSVIKDGDFDQGQKSSKSEDFSKYDTDNKSKLDNNNEHQNNEMPISQPVAVNTEYILKVKDSIALMDEHALGDDKHQPMASGLNMKHSQILANTSSKNDAAKDKKIVFIPLITSQGISTCTPQILEAKQFSTDAGRVAAEVMPSPCQSKSYALSSPKLSTNRELGKCTQGFKLPCHMAGKKLVIIQCQKPLCKKEIKPFEKNSPQRCVTVKGKDSTEQFVIPSHGVVATDDQSILKMNKNTSIIVSKVDAATETDESFLRQQKDDAGIRHKDDPVKTSEVLNSVSSQDNSSKSTEVTKLSKDNVEVSESVNCMNEEALTKINLCNKGQEVGLFHGHEEDDLFFQGNILTSQSSKKRKKSKKEDKNGDIGRSEEKRISFVKPSFEEVQKSHAAHISIDRNLKKDRRKHGKVKSTMDSSKVKNIKENDLKATECNVSSLRNDSLQLQSRTKRDARRPRVDYKNLNSGVFSLKRLLPSTVFENPKLSSMNALGYETTGTKQSRKKMLHSEEKKDKIRSQKSVHLNSELDRKGGRRGSKRKLSQSLPETSQVEKRKSRDHSDDEINDFAKDEMTSGLEVKPVRKRCKLQRTFKACGKVLPNRNKLNHQEDIEHDEFVSDGVTSDKDLKHEPQIVLCEWCKKPYASLKSLAAHRKCCKMSPNARPKPHICEICNKGFATLLYLKQHAAVHTGIKKHICKVCNKGFSNQGNLYTHMGIHNPTKRFLCVHCGKGFSQHVNLKYHLKTSVGKCAADRKDCPFTCEKCGNRFTSHKRLKQHEQIHLKYKIESFSCEHCQRVFKSYPLLERHVRIHTGIKPFKCKVCNMAFAQQNNLEAHALTHSDVRPYHCAICQRGFIQRTNFKTHMWKKHGLAPNILPRMRTKSRKKDTNNTSFQFILLENETHASISQGQWTQTVDDGTYTDLKSSTEDSGS,"zinc finger protein (gastrula, 239,568-like)",,-13.84,<-20,,
6,aaagcaactggctgttaaca,7442,7423,N,N,,tRNA-Asn,One mismatch at 3' terminal,3' UTR,1435,FUN_026115,ATTCATCTGTTCTATTGATGGTAGGATTTATGGAAATGAATGCATCTGTTCTATTGCTGGTAGGATTTATGGAAATGATTGCATCTGTTCTATTGCTGGTATGATTTTTTTGCAACATCAATCTTGTTAGTGTCTTTTACAGTTTTAGCAATATCTGTTGTAAAGTATACTTTCCATACCTATCGTTCAAATGCCTAAATTATTTAGTAATTGTCTTCATATAAAACTTCTGTCAATACATGTAATTTTTTAGCTAGTACCCATCTAATATAGAACCAAACTGTCTGTTAACATTTTTACTTTTTGCTTCAGTCAAAAATTCATCTGTTCAGAAAATGGGTGATGCTATTGAGACGAGAATTCTGTTAATTGGCATAAAATCCTTGAAACTGAGGCTAATCAATAACAAAAATTCCTGATAATTTTATTGTGAATACGAAATTCCTTTTTTCTGTTCTATTGACCTATCTTGCCATCTTGTTATTTCACCCCCACCCCCAAATTCAGTCTGAGAAAAATATGGATCCAGGGCTAGATTTGACAGGATGTAAATTTTAGAACAAGAGGCCTAAGACTAGCATTTAAAAGTCCATTCTTGTCCCAATAGACTAGCTTTTAAAAGTCCAGTCTAATCCCAATAGACTAGCATATAAAAGTCGTCTTGTCCCAATAGACTAGCATATAAAATTCCAGTCTTGTCCCACTAGACTAACTTTTAAAAATTGTCTTGTCCCAATAGACAAGCTTTTAAAAGTCCTGTCTTGTCCCAATAGACTAGCATATAAAAGTCCAATCTTGTCCTAGTAGACTAGCTTTTAAAAGTCCAGTCTAGTCCCATTTGACTCTAATTTAAAAGTACTGTCTCCGCTCAAAGGGAGCTCTCAGAACTAATAGGATTCTCATGATTTGTCAGTAATAATGCCAGCAACATTTAAAAATTAAAATTTAAACATAATTTGCCTGTTAATGTCTTTCCTTTTTGTAGATTTGTCATGTCTCATTAATTAATGGAGTATCTAACAAAATGATGATACATAAAAAAAAAACATTAAAAATGTATCTTTGTTTTGCATCTTATTTCTGTGTATTCTATAAATACACATTATTGTTTGGTTCATTTTTGTTAGGTTTCTTTTTGTCTTCCTGATTTGGTGCCTGGTAATGTCTACTGTGATAATGAATGTCAGGTACACTGTATGCATAATTTGTTAGTGTGTTGATATCCTTTTATTTACAAATAGTCTAAAGTGAAGAAATTCCAGTCAATATTTCTATGTCCAGTAGAACTTGGATTATCCATCACCAGATTAACTATCAGTCTGTCAGCCACCAGGTCATTGTACATCAGAATATTAAAAACAGGTAAATGTACATATATAGATATTGATTTTTTGATGACCAGGTTTATTGTGTAATACTTTTATTATACATATTCTGTTATCCATCTATTCTCATATCCACGATGTTCTTGGACCCACACCATGACAATTAAAGTTCTATGTTGATTAGTTTGATGTGTGGTATGTATCTCTGTATATATGTGTGCGTGTGTGTATTTATCAATATAAATATACTGCAACAATTATTTTGATGGGATGTGAAAGGTGTGTTCTTTTGAAATATAAACAAGTGTTTTTGTGAGTGGTCTTCAAAATTGAGATTTTTTTTCAGTCGTTTTTGCATATTAGTTTGCAGTTTTAGTCACATGCATAACATCTAAGAAAAAACAAGCATTATTACCACTGATGGTCAATGTGCTTGCCATTTTTGTGGTTGTGCCTGTCCATGCATTTGAAGAAGACAACTCAAAACTTACAAGACCAAGTGCAAGTAAAGATGTTGGTTTCCTAAAAGTAGATAGTTACAATGCTAAAATGTGTACACATGATGGTTTTCAAGCCAGTTGCTAACAGTTAATGAGATGACTACCATGAGGTGATGGAGTAGAATTTTTTGACAGAGATCGGCAAATCCTCATTACTTTCCCAAGCTTATTTTGAAGACATTTTGTCAAATATAAAATATTGGGTCCACATGAACAGTGGCTCTGTTGACTCTGAATTAAGCTTCCAGTCCTGTGTGACTTGACATTGCTGTATTAATTACAATTGGTTCTAATTTTCAATTGTATCATTCCAATTTTTTTAATTTTTTTAAAGTTGCGATTCCCATTTCATTTCCATGTACTACAGGATGATGGCAAAAAAGACTGGACACAGTCTGCCATGCATGATGAGCATAAGCAATGTCAAGGTCTTACAATGCATCTTATGAAGGCATCTTTTAGATATATATGACTGTGTAGGAATTTTCTTTGTATTATGTTGCTGGAGTAATTTAAGGCAACTAAATTCAATACTGATATACTTGCTTATGAGTTGATTTGACTAAGTCGACCCCACCCCACCGCCAGTGTAGTGCTGGAAAGAGAATTTCTGTGAACCTCCTGTAAGTCATATTTTTGGCAAGTCAAATCTGTCTGCAGGGGGGGGGTGACATATGGCCATGAGTTGTAGTTGAACTAGGGGGGAAAATATTTAAGTCAAACTGGATAGATGGATAGACAGACAAATAAAGATAACACATATAGAATGAATACATTTGTATTTTCTAGTTGAATATGTACAAATAAATTGGCAAATTA,Hypothetical,TVLDWFIQVCQALKYIHDKNILHRDLKAQNVFLTSHGIIKVGDFGIARMLRNQDDHAVTTIGTPLYISPEICLRKPYNSKSDMWAAGCLLYELCCLRAPFDGPDLTSLIMKIVSGQYPPIPEHFGPFLSNIITQLLESDTEKRLSAAEVLTVPEIMAIIERQSKQLQQHKPRSHSVSVDKSPSESRVKPRAPSCGDTVLKFKRRQWKDLPPVTIKVDTAEVVHKRDDRFKEEKENVESPQNARKQKAVPHVLGNLPGREPAAPHGFGNLPNREQALPHGLGNLPSRGQEKALQINETESDNDANEKVKDNVKNKDNLVGDGEINANDIFRDRTNIPSYDKVNRKWDDRDQNSPNTLNCVMKESKSPCCILNRETFIVRTPMLRHLSKVSPILSGTIRRQKEVFSVERNSQPQSTKKPGPQMCLIDEMIPPNTSLCTPLENQEPESEDSHYDSGEVFGACQDHSVVIKSKKNGKIDSRTFVIQKTGSNDSKTTLSADVNQMIYMALSFCENDPDLGKEMLERSLGQIVGPHKHLLDRVKRSLVTRISYQDLLKNLDDAEVAALPIVFQILAWK,serine/threonine-protein kinase Nek3-like,,-16.19,<-20,,
6,aaagcaactggctgttaaca,7442,7423,N,N,,tRNA-Asn,One mismatch at 3' terminal,3' UTR,2018,FUN_037082,ACTCATTCAGGGGAGAAATCTGACTTCTGCCAAAGGATACAGTTGATTTGAAACATTCCGTCCATTTCAGTTTTTATTTAAATGATCTTAATCATATTTATGTTCTGTGAAAGGGAACAAAATGTCAGTTTTATTTCTTATAATTATATAAAAATATTTATGTACAAGTCTTATCTTTAAAACTCCCAGTTAATGATGGTTTTTTTAGATTCAATTCTTGCAGCATGAGATATAGTACATATTTACCTGCCTGTCATCATTTTTATGTCTTACTAAATAACAACAGTCTGTGTTGGTAATACTTATGTTTTACCAAGAAACAAGTGTGTTGGTAATATTTATCTTTTAAGAACAACAGTGTTGGTAATACTTGTCCTTTAAGAGCAGTCTGTATCAGTAATACTTAGCACTAAAGAAATCTGTGTAGGTAATACTTGTCTGTTAGGAAAAACAGTGTGTGTTGGTAATACTTGTCTCTTAGGAACAACAGTCTGTGTTAGTAATACTAATCTCGTAAGAAGAAGTCTGTTGGTAATACTTATTTCTTTAGAACAACAGTCTGTGTTGGTCATACTTATCTCTTAAGAACAACAGTGTATTGGTAATACACCACTCCCTCGATAACTCGCGCCCGGATAACTCGCGAACCCACTTATAACGCAGTGTCCGGCATGGCTCCCGATTTTTTTCCCAAGGAAAATATATTTTAAAATGTGTTAAACATGAAAAAAGTCGTGATAAGAAATTGTAAATTGGCAAATTTAACCTTGATACATAGATTGTTTTTATCATCGAAAATGGTGATAACCGTATTTTCTGGGGTATAAGTCGCTACATTTTTTCTTTTTTTTTTTTCTCTTTAAAATGACGTGTGCGACTTATATGCAGGAGCGACTTATACGATAAATAAATTTTTTTAACGACTGTGACTGATGCGCAGTGATGCTGTGCTTTAGCGAAATGCATCTGCCGGTATACAGGCAAGCCAGTTGCTGGAAACTTACATACGGTAAACGTAAGTATTAGACTATAAGATTATCAAATTAAATAGTCGAATAATATTTAGTTATATATATATGTGTTAAAATTTGTTATTAATAAATAAAATATTGAAATAACGATTGCCATTGTATTTCCTTTATTTTTCGGCATGTACATCTTAGAATCTTTTTGTCTCTAAATTCAGTGGTTGTAAATTTCAGCACATTTTCCCACCCAAGCTGCTTGTCAAAGTCCTTTGAACTGGCCGCCCAGCTATTGCGTCATGTTCTTTTGATGTACTCAAATAAATACAGAATGCAGAACTGGGATTATTTTGTTATTTTAAACAACGAATTATGTCCCTGTAAAGCGTTTCTGAGACCTCTGTTAGCGC,Hypothetical,MALPTIPCYWSTRKDLYEQAIVKRRNHDVDFRQKWANAANYFHKSDVSASKQKAWESEALKKDSFDVYKKEKDKEEKRQNLERRRLKLAQMLKNERTRYEAELKGYSPDNYSRLEDMKERVDTLRSAREEKRKQIAEEKIYEHWRINNPDLRRLESEQMKEHIVGSWVGQVEERQERAEIERMEKEKYEEEMEKERLAALELEKQKEQKKLEEEKKLKQVLRGQMMELKKKEIEAEMLKQQQEALEKQQLEIEELEEERKKMEAERQKQEFGRFLLRQHKTQMMRKSRKIQEELEMDKKILENLIEKEKELESVQTARREKAKADAAWMKKVIEDQLRLEKAREAELDMLYQDEAARVWQKREAEWERERIARERLMKEVLDERQNQIEDRMEDVRQQQEESLRQREILLREIEIANQMTRREQEEAEQQKEALKLDLREQITARHEQEVSVRKKKEAELNEEKKAENDYEEFLQQETERMKLQRYNPKFHGKKQAWM,trichoplein keratin filament-binding protein,,-12.9,<-20,,
6,aaagcaactggctgttaaca,7442,7423,N,N,,tRNA-Asn,One mismatch at 3' terminal,3' UTR,2101,FUN_038776,CAATGACAGTGCCTTAGCTCATATTTTATACAGTTATAATGTGAAAACATCTAAAAATATCTTCAAACATTTGAATTTTAAATAAGCACATAATTTATTATCTTTGATCAGTAATTTTGAATCTTCGCTTTTGAGGAGGGTAGATGAAAAGTCTGGGTGGAATTTTATAAGCAGCAGTGTAACCATTGCATATCCATAATTTTAATATTATTTATATAACTTATTTAATATTAATATTTGGAGCAACAGTAGCTCAATAGTTAAGGATATGGGCAGATGGTATGATATACCCAGCCTGTGTTGATGTGCCATAAAATACCAAATCAACCTGGTGACCCAAGTCGATAATTGGTCTAAAGCGATCTCTGTTACGGATCACTGCCATCTCACCTCTGTCTGGGTTCGAGTCTATGATTTGATTTGTCGAATGTGGATATGTGACAGAGGTTGCCAGTTGCTTCTCGTGGGTCAGTGGTTCTTTCCCGGTTTCCTGGTTTCTTCCTCCATCAATAATACTGGCCGCCTGCTGAAAAATGGCATTAAGCCCCAGAACAACAACAACAACCAAACCAACCTAAAAGAGTTCAGGGCAAACTTCCATGGTTGGATCAGCCTAAATCAACTACATTGATGTGTCCTTGATTGGATCAGTCTAAATCAACTTCATTGATGTGTCCTTGAGTGGATCAGTCTAAATCAACTTCATTGATGTGTCCTTGATTGGATCAGTCTAAATCAACTACATTGATGTGTCCTTGGTCAAAACACTATTCTTCTTAAGCATGATGTAACCTGCATGTATTGTAGTGCCATAAAACACCACACCCAACAAGAATAATATTAAATTTTCACATGTCATGAGTTATTTGTCATGTCTCCATAATCAAATATTGAAACATAGGCACTACCGATTTAAATAACGAAAACATTTAATTTGATAAAAAGTGCAAGGAACTTAGTCAATTCATTCATTGATTTATATTTTTTTAACCTGAATGTGAGAAGAATTGCCATAACACTGTCACCGCCTGTGCATTTCAAGCTTAACAGAAGTTTTCAATGTAATAGACTGACATGCTTGAGAACCATTTCCAATTTCTAGGCCAGTCCATTTTCAGGAAAGGGGTGCATGCACATCTAAATATGTACATACATATGTCATCTGCTTCCGATATTTACAGTGTCAAATCAAGCAAAGGAAAAGAATGATGTGGATTTAACAAGCGGTTTCATTATTATGTTTACATGTGCAAAGGAATATAATACCAAAGTCAACAATATTGCAATTTACTGAATTATCAGGCAGTTACCGAATAGGATCAATTACATCATTATGTTGTCGGATGGAAATAAACTACCCTGTAGTGTATGGAATATGGTGCCGTGTTAGTATGGAAAGTCCATTAAGCACGAAAGGTGCAAGGGGATGCAAGTATTAGTGCCATTCTGGTGACAGTCATGTTAGAAATTATAAATCAATGATTCAATTGACCTAGTTCTGTGCACTTTTTATCACATTAAACTTTTTAGTTATTGAAATTGGTAGGAGGGTACAAACCAACGGGGATGTATTTTCGGACTGTAACAATTGAAACTGTTTGCCAGCCTTCCAGTTATTTTTATTAATTACTGGTACTTTGAAGTTCTCTCCATGAAGCCAGTCTTGGCTTAATCCAGAGTTTAAGACTAGAGCAATCATCAGAGGATATATTCATGCTATGTTTTTTTTTATATAACAATCCATTGCAAAACCAACTGAAAAAAATGATTGTGTGTTTTTATAAACTACTATTGAAGTAAATTATGAAGCGCTACCAGAGGTCTTGGAAACGCTTTACAGTGACATAATTTGTTGTTGAAAATAACAAAATAATCCCAGTTCTGCATGCTGTATTTATTTGAGTACATCAAAAGAACATGACCCAATAGCTGGGCGGCAAGTTCAAAGGACTTTGACTAGCAGCTTGGGTGGGAAAATGTGCTGAAATTTACAACGACTGAATTTAGAGACATCAAGATTCTAAAATGTACATGTTGAATAATAAAGGAAATACAATGGC,Hypothetical,MQWRTKRCANEAARPGRQIERREKGKRNIIFQFMNYESLRKSLKFTTIIRKLLQAFVKPVSTIIIMSSGVTKRTPMVQNGPKHLVNGIDLDSSFNIPHVPLSKHMDEDRFIGGGTDITTDEDSKTVDLKGDLHNVMLLIFLYILQGIPLGLTGSIPMLLSGRKVSYKEQAIFSFVFWPFSIKLLWAPLVDSMYVKWFGRRKTWLVPTQYLIGIFMLVLSSYVNTILGTEDTASGKVDIILLTFIFFMLNFLAATQDIAVDGWALTILSRRNVGWASTCNSVGQTAGYFLGNALFLALESADFCNKYLRSEPQSEGVVTLASFLYYSGIVFFISTTLVSLMKHEKVDQDVDSNQGIADTYKQLIRVIHLPSVISYAIIVLTVEVAFAAADSLFDLKLIEAGMPKERLALFTVPMVPIEIILTLIISKFTAGPRPMDIYLKAMHYRILVELLYVFVVWLSHRVQETTGHFPLYFYGLILASYALHQVTVCGMCVAQVAFHAKISDPIIGGTYMTLLNTLSNLGSNWPATLVLWLVDSLTWKSCQGVTGSCYSEQEIQACTNAGGTCVTTLDGYYIEAFICVVIGFLWLQWRKHKVHQLDALDKSHWKCL,acetyl-coenzyme A transporter 1-like  ,,-10.21,<-20,,
6,aaagcaactggctgttaaca,7442,7423,N,N,,tRNA-Asn,One mismatch at 3' terminal,3' UTR,2242,FUN_041397,AGGAATTTCTATCAAAAACCTTACGTATCAGAAAAAAATGTGTCAGGACATTTTTATTACAAGATTTCTCTCCAGTCGCATGTATTGATTCTAGCTTTACATGTGCCATTCTGTACTACGCAATGGCCTACCTGCCTGTGTAATCTTACTGTCTGGCTTTAACGACGTGTATATTTTTACGAATGTCAGTGGTAAGATTTTCCTAAAAACTTGCAATATCCAGGGATGTTATTATTGATCAGGAAGTAACCAAATATAATTTGTTAATTATCTGTGACATTTGAATTCTTGGCGAGATACAAGATCCTTAAAGCTGCAGTGACTATTTTTCGTTCTTATATTTCTTGTTAAAATTCACGCAGGATTTTTGAATTCCTTCATCAGAGCCTCTTACAAAATGTCAGCGATAACCTAATCTCTTCAGGAATCGTTATGGTTCAACCGCATCAAAATCCTTTACAGATTCTAAAGAAGGTATTCACGATTATTGGGTGCATTGCAACCGGTTAACATTTAAGACTTGTGGTGCATTACTTGGTCATATCACAAATGGAATTATCCCATTTCAAACTGTCTACCGGCTTGTATCATTATATAAAATGTTTTGACTCTTGATTTCCTTTGTATTAACAATAACTAAATACAACTGTTCTGGATATAAAAAAGTCATACCCTAAAAATGAATATGCGGTAAAATCATGTTTTATTGATATGAATAGCATATGATTTTGCCAATGTACTTAAATTCATTTTTTTGTCTTCAACCATATTATTCGACTGCTTGCATATTCTAAAATCCCCTAATGAACTAAAGCAGCTGAGAAATCTTTAACTGCCATGAAAATATATGTTCTGGAAACTCATTTATTTTTCAACCAATAATTACCGTCATTTTGCGAACAGCCCAACGTATGTGAGTCTCATAGAGTGTCTTCATTTAAGCCAGTTGCTAAATTACAAAAAATGCAGAGACTGCTTCGTTGACCCATTGAATAGCCAGTAAAACTAAATTAATATAATCAAATAGGCTTGATGGATACAAGTGGTGGATTTGTGAAGATTTGATTTAGTTTGTTTGAGCAATGGAGAGTTCTTAGGTGTTTCTTTAATATTTAATTCATATTTGGCTGTCATTGAGAGATTGTTACTACAGTGGTACATGATCAACTTTAAGCTAGTTCATCAATAGATTATTCATACCTGTCCAATCAACCTTTTGCAATTGTATCTGCTGATTGCAAAGATACATTATTTTCCAAATTACGTATTGATTTCTCTTGATATTTTCCATAGTCTTCATCTTCCGAGATAATTCGTTTTATTCATTCACCTTTAATCTATTGAGCATTGCGCTTTTCACAGCATCTGTATGACTTGATTAAATTTCGATAGCATCCGGATGACTTGACTGAATTTTCATATCTTCAGGATGACATGCTTTAGTATAGAGATGCATATGTTTGTCAGTGGGTTTGACGCGCAGTTTTGTTATGATGTATACCTTGAAATGTCAATGTCCAGAAATTCTATCTCTTTTCGAAAAGTAGCGCATCTTTCCTTGAATTTTCGGGTGTATTGATAAAAGTTTTTCCAATTTAGTGAGATCAGCAGATCCATGAATGTAAACATCTCAAATATCGTCAACTCGGGGCTAATCTGCCTTGATATACTTTTTGATAATTTAAACAAGTTGTCGTTCAAGTCTGCTTTGTGTGTACTCGCATATTTCTTTCATCCAGTGGGTGTGCACAGGGGTTGCAAATGCTACCTAGCGGCGAACGTAAATTATTGTTCTCCAAGACAGCATTTATCTTGGACTAAATCAGAAAGAACGTTTAATAACTGCGGGATTTCAGCTCCTCTATCCAAGTGCTATATGCCTCTTTTCTATGGATCTGATATAAGGCTTTCATATGGAAACAGAATCATATTGTATGTTAATGGTCGCAGCTGTTCAACGGTACTGTTCTTTTTTTTTAAGAAGTTGAATTCCTGATATATGATCCATAAGAATCTGCTGAATGATTTTCAACAAATGGTGCCATCTTCTCAGCTGCATGGTTTGTCCCATTGATAGTTACTCTCATATATCTATTCTTCGAATAAATTTTGTGGTTGGCTTGGACTTTATCTTGATTGATATCCTTAGGTTGTCGTGGGTGCCTGCAGGATTATTTTTTACGTGGGGAGTCACGTGTTGCGTTTCCATGCAGGTAAGAGATAATTTTTTAAATTACTTTTGATATACCTCCTTTTTTGTATAAACTCTCAATTGCAACTTAAAATTATTGTTTTCATTCATTTCGTAAGACGCTTCTTAACTTCTTTGTATGCGGCCTTATCTTTTGGATCATTTAAAATTTTTATCATATAGTCTCCACTGGTTATGATCAGTACTCTGATCCTTTATCTGCAGGACGTATAATGATGGAAGTGTCAATGAACAGTTCCCGCTTTGATTTTAGGTCTCCTTTGCTAATGTTCATTTAAAAATCAAAATTAATTCAAGAATTAGACTCCTTCCACCTTCGTGTATATATGGGTCACACCACCGGTCTCTGTCCACTACCTTTGGCCTGTCACTGTAGTTTATGTATCTGTTACATCTGTGTCATTCATTTCCAGCATGAAAATATTCCCATAATCTCATTTGCCTATCCATATATTTATTTATTTTAAAATATATTAATCGGGTCGCTTAACCATTTGTATCAACTTATTGAAAATACACAATGAATTCTGATTATACTCATCTACCAGATATTGGAAAATCACAATGCTCTGTTGATGAATGAGAGTTAGCCAGATCTGATATCATTACGCTCGTTTTTCTTGCCTATACTGGTGTTTATGTGCAATATAAGAGAGCCACAGATAGATTCAAATTTGTGCACTTTGTCAGAGTTTCTATGCAAAGCTGTTTGCCATGATTTGTTCCATTTTCATTGCAATATCGTTATAATATTTATATAACAAGTGTACATATGCAGACTTTATGCAAATTGCTAATAAAACATGACTTCATAA,Hypothetical,MSHERRRRNGKIGEYWKDNIEKWMYNLNKQRDEGSPLGIKSKRIQPSQDDEKDGRLSRPDRHGSQYSERGSGTDSTFSTAGYMSEPNFIYHPGFHGSMQYNKKKLPSNVPVGSESRLNVPNNSYGSLHDELEFQRRYKKVFDFNKHIHFVHSNFISGQNIKKRTKLPPLGHLDGQQQSDASEGMEILTAMSVQKYNHHRAGSNTGPVTSPVAPPSSRRNTDAFFGTGVLSVHGDETPQQLETPRDVKPTLSPVVETNRERDSLSSVSSRSVRKVYPLNKTTFEFQTNLDQNFGIYSYSQDGLGMDEKENLHPVIIEENEYNPEQMEYPTNRNTLQPLAVNGVNVNVIETECDVDMDRTVVDQDKILQETTDIMEDSKPFNISVHVEYKKKKSNPSHFITQLQSRSDNETLDETKAKKDKNENYQIIPEESEGPVENSRETTEATMLDGEGFSQKENITSLDRGDADDGEHNHVKNQVDSFLPKLSEPLTPREKPMPSMGHSMQEIKLPSISLRPFSTINGVEDK,Very Poor: Vacuolar protein sorting/targeting protein,,-14.41,<-20,,
6,aaagcaactggctgttaaca,7442,7423,N,N,,tRNA-Asn,One mismatch at 3' terminal,3' UTR,2308,FUN_042485,ATACTGACAGCGTGTCATACCAGGGTACTAGAATATTTCAGTCTATTAAAATAAGAAATTTTCTTCATCATTGATAAAAAGGGTGTGATGTTGTAGAATTTCCCCTTCCAAAAATTTTGGCTTTTCAACTCTCTTTCAAAAGTTACATCACTTCCAGGCCATATACTTCAGCAGTTTTGAATACAGATGATGCTTGCTATATGCCATTTTGCTCTTTTTTTTTATACCATTGCTGGCACCATGTCCTTATTGCTTACGGAGAGAGCATAGTTACTTTTGATTTATGTGATAACCCTAGGAACACATCTGTGGCATTAATCAAGCATCACCTGTATATATTTCATTATCATTAGGTCATTAGAAATATGAAACAAATATGTTTTTATTCAGAAGTCATTCATATAAAAACATTTGAATCCAGTATTTTCACGTCCTCGGTTTGCATCACATTTGATAGAGTGGACTTTTTTGCAGAGCTTGATTGTCATGTAATGTGAAATATTGGTTTGTGAGATACAGTACACTATTTGTGTAAAATATCTATAATTTAAGATTATATTTTCAAATCACAGAAATTGTTTTAATTTCATTATGCACCTATTTTGCTATAATTTTTTGTTTTTAAGGAAAGACAGGTCCTAAATTTTTAATGATTACAAGTTCTACAAAACGTTTGTAGCAAAAGTTTATGCTGAAGTATCTACTAAATGATATTTCAGATTTTTGATGCCAGTTGCTCATGAAACCTTACCATATCCATCAAGGGCAAATATCGTTACTTCCTGTAGCCAGTTGCTCATGAAAT,Hypothetical,MDEDSGQGDKENQITSVVVSDSSDNGDKLDIQDIISKISNFVKQRNFQDALELCDNGLKASPHHEKLLEKKIKVLCHQGQFDEAYSLALQWLQREPRHPTAIKEVKRLKESDEDETPSHITTSQSDNTSHLARLPATTISSMQTDDDNRRVKHSSGGNVSVAISCKDTFSKEESLYCVFCDIKFESEQERDTHCRSDEHKEKINSDEGKSWQHRPPPRGLVCEEYSLCQGFVETGRCPFGEKCTQAHSQEELEEWRERFQYRRQQLQKAREKHLTGSTFIEQLLEKLMTTENVNNVVATNVDYAKVIVNSDLKVNSTTKKCTNAWTFTVTSKICIHDVVLLDESSSSYFHISSISIGPKKTQKYLNLETHCQLWQNVDTVNKAGEYVYRVKVLFKTDIYGTFKQTLVFNFGCEPVLSREMEVQSAPITDLEMVTQELQLSEQGRWNNSNVTVIEYEPKPQHSDDGAKQLLDKYSLPVLDKFHFSEILMQPPCKENYRLWMHQMLYMEEKAQMEKILKYNVTTTLKLLDKFLLIPGTMSTAKYTHDGELFGKMTLDEDLSEDSVGGRLILQNSNVAWMTPRDSKDDQHKLPEKVYEILCEEKGKKFIFFRLSSQCTSDLNLKADKKINVEIQFQLNRTAMCEMHCAVDNLPTLDIVFPSLEKTMITTTDDENWEWKDDIDGKLNDKQKEAVFQMASNPHTPRPPLLILGPFGTGKTYTLAQAAKQILSDPDTRILICCHSNSAADLYIKEFLHPYIKEGNLDARPLRVYYRHRWIKTVSETVLQYCLVESQGSLAGTFRPPEIEDLQKHRIVISTLSVARYIAEVKPPPGFFSHIFLDEAAQALETESLIPLSLMGQNTRLVLAGDHMQIGPEVYSDFGRQQQFDRTLLERLYDLYSDSSPFKIMLCENYRSNSAIVDFTSNLFYDNQLAASGNPEPHGVYYPLTFFTARGEDIQHENSTGYYNIAEVYEVVEQVEHLQKYWPSQWGEKDENSIGVVTPYADQVIRIRSEMRRKKMQRVTVERVQNVQGKQFRVIFLSTVRTRHSCKSDIAASELNLGFLSNAKLLNTAITRAQSLVIVVGDPVSLCLIGKCSKVWDYYLEVCNDHGSFFGMTWNHLRSLMNNAEMTKSYILNPHAPEFVPTSVLNPNHHGQPIYAMPGHHGGGPYTYHQWNPRGAMSAHCLQQMYHQQAYFPLAYPYQPCFGPIFFRPRYNVHHNRGMPFKGHHQGQGHRYGWQPVQKQRHGADSEDYQGDGGVGRKSHVKTRPIMYIPRVPMGFHPYYMHPYGIPDDPRIMGAQPPYQYSYHPASYPSMIPILSSPYGSPVPSGSVSPASSSEGSSRQYQQRSPETVSAACTGLIRDTRTYSPSTSPNSVSPGQQIQLLPNVKHVPSHLRANSSDGSASNSRTSTPVNTSSPIPVNLSAEDPATSPSVESNVAVGSPVNDFDGLRRVHLTSPMTQSFIHDQRHSPVAWSSFRGSQPGPISQTFNKSHQSNPQAIPVQNKTHKSSVQSQISREEELGHEHSQSPVLNGSQSDRSSSYHSDRNSGCSQTDSIASSLPERHLKLKVNTGFSSQFSDDLGTPTEIKNLVLMIDENIDEKDDDEELLESPESSTPQNKAVGRSNIGHPSPGRLNLNILKPAAFERTSPQHLTSDDGRPTYAGVLRRQLPTVSPQNRAEFDVEDLEPQTPMTPAGFVTPGTDINTDPLSLLRNLNINQGVHNSP,probable helicase with zinc finger domain,,-14.16,<-20,,
8,gaatactgggctgtgatcct,4167,4186,Y,Y,Y,tRNA-His,One mismatch at 3' terminal,3' UTR,1334,FUN_023714,AATATCCCACTATCTATGAATATGGGTAAAATATCCCATTATCTATGAATATGGGTAAAATAACCCACTATCTATTAATATGGTATAATAGCCCAGTATTAATGAATATGTGTAAAATATCCCAATATTTGTGAATATTGGAAAATTATCTCACTATTTATTAATATGCATTGAA,Hypothetical,MANKLGYCMKIWYVPLSMSATFLLDSVFQNAYLYLDFSVFSTLLQSLFSLHCFTYPDYNVPTDGNEWLEMGQNRTEIQERISSLSIKIFLLTTYNMVISLNYG,"Very Poor: sonic hedgehog protein A, NADH:ubiquinone oxidoreductase, subunit RnfB, putative transcriptional regulator, TetR family",,-12.31,<-20,Female-biased (0.83),
M-sncRNA-4,agatacctgccagtctgaa,7724,7706,Y,Y,N,16S,Two mismatches at 3' terminal,3' UTR,1267,FUN_022351,TATAAGAAACAACATGACTTGATCGTCCTACCAACATCAGAAATACTGCCTTAACAGTCAGCATGGCTACAGCAGTTGAGGGTTGAAACAATCTTTAATATATGTTATATTTTGGGACTTTACTTGGAATTCATAAATTCATATTTCTGCTGTAAAAAAATAATTCCTGAGAAATTTTTATATGTGCCATCACCATGGTGCAGATTTTATGCTTATGATGTACAATCATGTTTCTTTGAAATGTTTTGATGCAAAAAATGAAAACACTACTTCCTTCTGAGAAATGTAGATTTTATGATGTAAAGAATGTGTGGTCTTACCAGTATAGATGGTGACTTGTTGATAATCAGGCGTGGCCATAATGATAGAGACAGTGATTTGTTGATAACTCGTGTGTGGTCATAATGATATAGACAGGGACATGTTGATAAATAACGTGCCCATAATGATCCAAATGGTAACTTCTTGATAATGTTCTGTATAACTAATTAATGTAAATAATCTGTATGGACTTATTAGGTTCTTGTGGAATTGATCATGCATTGTAAGGAAGTCTTTTATATGACATGAATTGTGAACTAAACATGCTGTTTATATGATGACTGGTTTATATTGAGGATGGCTTGTGCAGAAAGGCTATGCAGTCATGTGAAAATGGCTGTTGCAGAATATTCATGAGGACCTGTGTACATGGCTTATGCAGGATGGCTTTATGTACCTGTGTAAATGGCTTAAACAGAATGTCAGTGTTGACCTGTGTAAATTACATCAACATCCATACCTGCCAACCATTCCTGTTTTGGTTTGATCATGACAATTTTATGCACAAAATTATGTCTAATGTTTGCCTGTGTACACTAGGTATTTTGATGAAAGTAAAATAAAGCATTGAAAATCTGCTTTTGTCCTTTTATAACCTTTATTATTCCACTATCTGTGGAAGAAACATGGCTTCCATATAGCACTTGCAGATATTTACAAGAGTAATTGTCATACATATATATTGTCATTTTAGATTTATAACAGCTGTAATTTCCTTGAAAGCCAGCCATTTCATTGATTTGAAATAGTTTATAATATTCTTTATATTAGTGAAGAGTATAGGTTAGATTTAAGTCTATGACATTCAAAAAGAAGCACTATGTGAAGCCTCTGACGGCTTTGATTCATTTGTATCTTTTTTGGGAGAGACTGGCAGGTATGTGTTTATGATGAAGATTTTTGCATGTTGTCCTTTATCCAGTGTTTTCATTATATCTTTATCACTGTGTATTAGTATTAGTAATGTCTGTAAAATCTGTAGCTCATCTAATTGTCAGCTGTTTGATATCTTAATTTCTAATTACATTTCAAAAGATAATGGGGATACTTGAATTGTGTGTTTGTGAAGTTACTGTGTTTTGTAAAATAAAACAAAGAATTAAAAAAGGTAACTTGTTTCTCTCAGTCTGAAATGAAATTTAATCTCAGTAATCAACTGATACCATTATAAATGTTGGATTAACATAATTGTAAGGTAAACAAGTTTAATTGTCAAATATGTTTCAAGTGATAGTTTGATAGAGAGATCAGATAACAACTAGAATTTAGATTGATGGTTAAATAGGTAGGCACATACACCAAAAAAGGATAAGAATATAGACAGATCAGTAAATAACTACATAGTAAAAGATTCTCTAGCCTCTATCACTGAAACACTCTTCATCTTTAAAATTTAAAGCTTTTTTATGTCTTGTACCTTGAAAACTGAAAATGTTTAAGAACACAAACAAAAGGTCTTGGTACACAGCAATTCGAGTTTTGGAATTCTGTTGTCTATATGGTCCACTGTTGAATTTATGTTAACTAATAAACCCTTATTTATATAAAAGCAATACATAAACAAAATGTAGACATAATACAGTCATCTGAAAATGTAAAGCTATTCTGACAATTTTAGAGCATGAATAAAAATATGAAGATGCAAAAAAGTAACTATCACTGGGA,POLR2B,,,"This gene encodes the second largest subunit of RNA polymerase II (Pol II), a DNA-dependent RNA polymerase that catalyzes the transcription of DNA into precursors of mRNA, snRNA and microRNA.",-15.57,<-20,Female-biased (0.54),
8,gaatactgggctgtgatcct,4167,4186,Y,Y,Y,tRNA-His,One mismatch at 3' terminal,3' UTR,1890,FUN_034081,TGACAGATATTTCTGACAATTATTGATCAAAATTGACAGCTGGCTTGCAGGAGTTTAGACTTGTGATTCAGTTACCTTAAACAGGACTGGAAATTATTGGCATATTCTGTGTAACAGCATGTGCATGTTGTAATGGGAAAAAATGTCTGGATGGTTCTTTTACATCTCCCCAAGACTTTATGATCAATAGAGATCTTGTTCCTGACAAGCCATTCATCACTGTAAAGTACTACAGTAACTGCTTAACTTCACTTAATTTTAGTTAATGGCTAATGGAATAATTTATAATATGGTTGTACATTAAAACCTACCCTATCTATTAACCTAGGTGCAACAATTACCATACCCACTTGGTCCAAAAAACCAAAAGTAATTGTGGGCAAGTAAATATTCCTGTAGCTAGCCCAGTATTTATACCAGGGAGTTAAAATTCCAGTATGGACCTGCTGACTTATATGAAAATTTACTAGTCTGAACCATGATTTATATTTGCCTAGGCTAGTTGGGCATCCCTTGACTTGTACAGAAATAAAGAACATATTTAAAAATTCAGTG,PPP4C,,,Enables protein serine/threonine phosphatase activity. Involved in regulation of double-strand break repair via homologous recombination. Located in cytosol; nucleoplasm; and plasma membrane.,-9.34,<-20,Female-biased (0.70),
M-sncRNA-4,agatacctgccagtctgaa,7724,7706,Y,Y,N,16S,Two mismatches at 3' terminal,3' UTR,2332,FUN_043315,CCAGTAGATCCTGTTGATAAAGAGTAATTGTGATTGGAGCAGTTTTCCTCATCTTCTGTGTTGGAAACCAAAAACCATTTTATCACAGTTTCATGGTTTCATTTCAAATATCTTACATAACAAACAATTTCTTCATCAGTTACATGTGTGGTAGATTATTGGGTCTATCAGTAATGAAAAAAAATAACTAATATTTGTAATTGTTGACTTTCTGTTTATAATGATACATTGAATGTATTTGAAACATTTTGTGAATACCTAGAAAATGCAAAGAAAGACAGATTATGCCTGCAAGAAAAGAGATTAATTAGGATGCTAACAGCAACAAGTCATGTTGAAAAATTGTTCAATGGAAAAATAGGCCTTTGGAACCAGAATTACAGCAGTGTGTTTGCATGAATGCTGGAAATGTCCAACTGACTGATTCATTTTTGAGACTGAGTGGCATTGTCATTAGTGGCATTCATGGATTTTTTTGAAGAATTTCAACAAAGACCTTTTTCTTCAAAATTATATGTGAAGCAGATGTGTACTTTCATTGCAGAATGACAAGGCATGTTCATTTCTTATAAGAGCCATACAATACAAAAGTATCTGTCTTGAACTTTAATACCATATTAAAGTCAGATCCAACTGCAAATAACATGGACCCTGATTTGTGCCAGCAAATCAAGGTCTATACTATGTGTTCTACTGATTATTCTAAACTGCATAGACCTAGATCTGCAGACACATTATTTGACAGCGGATCTGAGTCTGTACAGCTTGCAGTTGGAGTCAACTTATAGGCAGGTATCTATGGTATGCATATCCAGTAGCATCTTAATAGTTTTTCTAACCCATATTTTGGGAAGTGAGATAATGTGCCCACATTAATGGAAAGTGAGTCAGCATTCATTTTTTTAACCTGCTGGTTTTGACATTATCATGAATAATTTGTTATAACACTGCTTACAAATTGTAGTTTATATATATTTCCTAAACTCCTCTATAAATTCTGATCATATTTGGCATGAATTATTATATTATTATAAAGGAAAGACAGTTTATTCTGTGACATTGTTTCATTACTCTTTTTATAGTGGGTTACTGTCACATCCATGGGAAATTTGCATTAATGTTTTGGACAAAGTCTTTATGTTTCCTAAAACTCTTGATGGATTTTTTTCTTGATATACCAGAAACTCTGAAATTTTGTTGCATAAAAAAATCCTTCTTCTTAAGTGCTGGTAAATCAATAAATATATATATGCATGTGTG,VTI1B,,,Involved in regulation of protein localization to plasma membrane.,-13.11,<-20,Female-biased (1.27),
M-sncRNA-5,agaagatcgggagcatatctgccttga,11353,11327,Y,Y,N,tRNA-Ser,One mismatch,3' UTR,1749,FUN_031418,ACTTTCACAAGGTCTGGATTTCGCCAACATAATTTCATTGTGGACTAGGAAATATATCGTTGAATAATAAAATATGATTTATGCTCCCGATTTTCAGCAATATTTGTTTACAAGTTGTCGAGTTTCTTTCGTTCATAAAATTAATTAAAATAGGTGATCGGTAAAATATTATCAAGAGTACTTATATCCCAGAAGGGCTGTACACAGGAAAAGGAAAACAACGTCTTGCGGAACACAATGGCAACCATCCCACTTGCATATCTATACCATTGCAAGTCAATGGGGAATGCACATACACTTTCTTAAAAGTGGGAGTGGGTGTTTAGTGGGCTACTCGATGGAAAAAAGATGTCTTAAATAAAGACTAGCCTAAATGTTTTAAATAGATGGATGAGCAAACAGAGC,Hypothetical,MSEKASISQQDKGIRRPNHSKMSEKASISQQGKGIRRPNHSKMSEKASISQQDKGIWRPNHNKGIWRPNHSKMSEKASISQQGKGIWRPNHSKGIWRPNHSKMSEKASISQQDKGIRRPNHNKARKFGVQNHTCAVV,Low: vegetative cell wall protein gp1-like,,-18.11,<-20,None,
M-sncRNA-6,tgaagggtagtgtaatattt,3968,3949,Y,Y,N,tRNA-Gln,One mismatch,3' UTR,2348,FUN_044699,CATAATACCTTGAGAATTTTATTTGTAGGAACTTTAAAAGTTTCAAACCAAGTTGACCATGGTTGTACAGAATTTTTTTAACGAACTGTAAAGCTAGATGTAAAGTAGATCCTTTTTTGGCAAAACTTAAGTTTTTGCATAAACACGAGTTTGCAGGGGTAGGCCTGGCATTATATATAAAAATCACCATTGATTTTGCCAAAATTATTAATATTTTCTCCTGTTTGAGTATTTTTTTTCCCTCAACCCAATTTACTGTATGTTTTATTTCTTATTTTGCCCGATTTTTATTCGCTCCCCTCAATACAGTATTCATGACCTACAGTACTACCCTTCATGGATGATGTTTTAGTTACAGTCAGCAAATTGGAACATTCTGTACACATGGATTGGATAAACCAGTTATGCAAATGAATGAGTTTGGGATAAATTGTTTTTAATTTGGCATGGATGGTTTTTGATCGACTTGTCTCATTTTTTTTATTGTGTTATCTAGTTTGATGTTTAGTTTATTACCACATGATTAATGACTTTCAAATGCCTTCATCAACAGTTGATATGAATTTGGTTAAATTTTTAACAGTATAGGAGTACTTGATGGCTAATGTACAAGTGAGTCTATAGTTATAGAAAACAAATATACGTATATGTACAATGGATGATTAAAGGTTTATGTAAAATATATTCCCTTGCTAAGTGCTGTCAACAATAGTAATGGAATAATGCAGTCCTGAAGAATAACTGATACTACAGTAAAATATGGTATTGTTTATTATGATTATTTGTAAATATTAATAAATGACTGCCTTTCTCAATCTTTGAAGTCTTGTATCCTTCAACATTAGTCTTTCATCTATAATTTTAGACTTTGATAATCCAAGATTACCTCTCTGCCTATTTATGATTTTCTGACATCATGTTGTAAAGTGGTCATATACTAGTGCCACATTACTCCTATCCATTTGATTACCGCAAGAGTGAGGCTAGAACATAAAATATGAAGATCTTTGTATTGATGAATGGTACAGTCATCATTTTGAGACTGGTACAGAATTTGAATACATGCTATCATTAAAATTTGAATTGTAGATCATCAGTTCCCATGCCCATATAACCTGGACAGGTAAATTTCATTAATTTTATCCAGGAATAAAGAACATACATTTGTATTTCAAGAACATATTCCTCACATCATATCTACCAGGCTAATAGGTTCAAATTGTAATGTGCTCCCCCCTGCAACTTTGCAGACATAATTAAACAGATGAGTGTCTC,ISOC1,,,,-13.55,<-20,Even expression (0.26),
10,attatccctttgacactcccaaa,3762,3740,N,Y,,tRNA-Ile,Two mismatches,3' UTR,436,FUN_006612,CTAAACTCCTTTTCGCAAGAAAACAAGACAGTTTTACGTGCAAGTGCTACTTGTGTATATACACCCCATTCTTCAGTGTGCCACCGAACAAGTCTCTGATTTATTACCCAATGTAACCAAACTCTTCTTCACTATAGTACAAGACTGATCAAAGGGATAGAA,Hypothetical,,,,-12.44,<-20,,
10,attatccctttgacactcccaaa,3762,3740,N,Y,,tRNA-Ile,Two mismatches,3' UTR,1227,FUN_021654,GTGTCAAAGGGGTGATAATGGCGTATAACTTTAATGCAACATAATGTTTCATATCTGAAATAAAGTAACTCACACAAGTTTTTCATTTAATATATTTCTTCGTGTTGTACGAAAACCATTATATTTTAACGAGTGGCGATGGCATGAGTTAAAAAATATGGCTTTTGGTACAACAAGATGACATCTATCTCGTATAAACGTAAAAAAATAAAATTTACTTTTTATTATGAACCAGACGTGCTCAAGGATGGAGTTTAGAAGATTAAATCCATCATTTGGCATAATACGCTCTCACGCCCAAACGCTTTTCGTAAATTCACCTCACTTATAGCCTGATCATATAAATATATACGTAACTCAAGAAAGCTGTAGGATGTTATTGGCCTAATCTGTCGTAGTAAATTATATTTTTGTCATTTTATAAACTGTTTGATACCATCGGAAACAAAGCATGTCCGATTGAGTAATGTTTCACTGCGGGTTTGTTAGTGTTGTCCAGGATGTAAAGGGAAATAACTTCACGGTCAGGTCAAATTTCATTATCAGTGTAATTTCCACGTCTGAAATGGAAGTCAGTAATTGTCTATTGTTTTAGCTCATAAAGTACTTGTTTTTGTTATTGCAGGTACAACTTTAATAGTGACACACAATCAAGCGTCGCGTGGCATGATGGGAAATCTTAAATTTTCACGTGAAAATGTAAGGATATATTTTCACATGTGAAATTTATACAAATGAACAAATATTAAAAATTATTTCGTCAATATCTACTCTTTCACATCTAAGTATATAATAAATACCTATCTATTTGTGCTAAAGCGCCATAATTCTGACGTCATTTCCTGAAAGTAAGAAAACGATACTGAAGTTTTCTGGTCCATTTCACCATATTTAAAAACGAGGCTGGAACTATTTTATTATGGAGGTTTCCTGGTTACAGCTAAACATGTTGTGAACAACTGTGCAGTAATCTCACCTGAGATTGCAAAGGAAATGAGTAACAGTCTCTGAAATAAAAAAAAATATATCAACAAGTTCTAACAGTCCAATCCCGCTATAAATAACTGTCGAAATAATGCTGTCATTCCCTTCTCTTGCCAAATCCCTATCAGAGCCTCTCTCAATGTCCCTCCAGAAACCGTTTGACTGCCATATGTAAAGCCTAGGATAAAAACTTTCATAGTCATTCAGACGGCAAAATCTTCACTGATGCAAAATCTGCACAATAATTTTTAAAACACATAGTTTGGTCTCCTCCCCCGAATGCTGAAGATTTTATGTGATGGCAGTTAAAATGAAAAACTAATGAATTACGTCCTTTGTTCATAACACTGATATTCATGTGTATATCAACTGATCCAAAAGTGTTTCATTTAAGATAAAATTCATTATTTAGAAACCTGACATGTTAAGCGATTTAGTTCAATTTTCAAATTAGCTGAAAATGTAGAAAATATATAACAAAACTATATTTGTCTTGTCAAATTTTTAATCAGGGAATATTTCACCAGCTGAATTACTGTGGTCGTTTCTCCCCGATGCCGGGGTGAAAGCTGATGAACTGTTTCTGTCGCGACATTACGAGAGAAAAAAAGTGATTTCAGCCTCGTTTGAGAGTAGGTTGATATGGAATCCGAAAACGTCAGTATCATTTTCCTACTTCTAAGGAAATGAATGTAAAATTCTGGTATATTTGTGATAAAGCATTAGTGTACTAGTTCTTTTTACTACAAAACGATGGTAATGTTTAAGTTGAAATGGTAATGTATTTTTGTCGATTGTGGTATATATTAATTATTCTGTTTGCTTTCAGGACTCAGAATTAAACATTATTTAGTTATTTTATATCCATGTTCTCATTTTGTAAAAGCAGTGTTGTTTGTAGTGATGCTTTTCATGCGCAGCTGTTAAGACAAACGAACTTTGTTTATGTGTTCATAGTGTCATTCAAAATTTCAGTTTCTGTCTCAAATTCTGATTTAGAAACAAATTCAACTTTCCTATTTCATTGTTGCCAACTCTTAAGTTTTCACTGACCATTCATTAAGGACAAAAAGATCACCAAATCTTGAATTCTTCAGCAAAGATATTGTTTTATCTGTAGGAAAATATGCTGCCATTTCATACAAATCGAGGAATTTCTCAGCTACGTTTGCATGAATGAAACGATCTAAAGGTTTAAATTTTTTTAAACCATATATTTATTTTTATCTTTCTTATCCTCTATATCAGACACCTCACCCCTTGCATACACAGACACGCACGCATACTGTATTGTTAGACGTATTATAAATAATACAAATGTAAATTCTGTTTTAGGAGACCTGAATGCGCTTATTTGACCCATCAATATACGTTTCTTCTCTTCCATCCTTTTGTTGTTCAGAAGATCCACATG,Hypothetical,,,,-12.73,<-20,,
11,ataaagacgtaaggttgtcaacctt,16103,16127,N,N,,tRNA-Asp,Perfect match to reference,3' UTR,1877,FUN_033783,ATAGCTGTGTAATATGGCTTATGTTGAACCATTGCAGGGATCTGTACAACAAACTTAGAAGAGCTGCCCTACATGGGACAATACGGGTTCGACGAAAATTACCACTACAGAGGGAGATCCAAATGTTAATAGAACAGACTGGTTAGGCCGGATATAGTTTACAATTACACACATACAAAGAAAGAAAGTAGTCCAGTCGATAGTCATTTTAGCCCACAAATCATGGAACACATTTGGTCGAAACTGGAGTCGCAGAATAGCTGAAACAATAGGAAATGATGATATGCGAGTTTGTCATAAGGGTTAATGTTGAAAAAATGTTCATAAACTTGCATTTTATATAACTTGGACATATTTGTTTCAAATTTTGTCAGACAACATCTGGAAACCTTACGTCTTTACCAAAAATGAAACGACAAAAGCTATTCAATGTTAGAAACATATATTATGATGCAAAGACTCGTATACAAAAAATAAAGATGATATGTTGATCTGAGCTTGTGAAGG,Hypothetical,,,,-16.4,<-20,,
12,tggagagctactattaacaaccacaca,8663,8637,N,N,,16S,Perfect match to reference,3' UTR,354,FUN_005017,GCATACTACCATGGAAGATAATAAAGATCATATTGTCTGTGACATTTACAGTAAAGTCGACAATGATGAAGAGGGACATTCCAGTCACTGTGAAGGACAATCTGCAGAGTGAAACTGTAAAAGTCAAGCTTCACATAGTAGCTCTCATATATGGAC,CADPS2,,,,-15.42,<-20,,
13,aggttgtcaaccttaagaagct,16114,16135,N,N,,tRNA-Asp,Perfect match to reference,3' UTR,,FUN_003588,GTCTTTTTGATTAACTTATTATTATTATTATTATTATTATTATTATTATTATTATTATTATTATTATTATTATTATTATTATTATTATTATTATTATTATTATTGCATAGTGCACTTCTGTATCAGGTGAACGATTTATGGACCATAAGAAGGTTTATGAAAGTGTTAATAAATCCAAAGAGAAAGAAAGGGGGAGGATTATTTCTTACTTCCAGTTCTGTGGTGTTAGACGAATAGTCAGTGGATTTCGGAATGACCATGAAACTATGTAATCTAGTATATCCAGCCTATGGCTTAAGGTTGACAGTAAATACCACTATCTATAGAACCTTCTGGCCCTGAAAGGGTAAAAATGAGACGTCTTAGTGCCGGTATCAGGACATCTCCCCCTGGACATTTCCATCGAACTCCTTTCGACATTTCCTTCCAGACATTTCCCTCCTGGACTTCATCCCCCCATCAAATAGGACTTTTCCCACAGAGTCATTCCTCCTCATCTTTATACTACTTTATTTATATATAGTAACATTTATCTTTGATGTATTCTCGCATCCCGCATCACCATTTGTGCACAGGT,Hypothetical,,,,-11.63,<-20,,RNAduplex doesnt match any structure
14,taaatacccagaggctccaat,8948,8928,Y,N,,tRNA-Thr,Two mismatches,3' UTR,,FUN_005852,AGACGAGAAAAATTAACGCTATTTTGTTCTGTTGGGAGCTGTGAAACCTCTTGTTTTTTTGGACATAGCTACATCATCAACATCTCGGCAGCCATCTTGAAAACTGTTGCCAGAATCTTTATCTGAATAAATTTTGTAGAAATTCGATTTTCTACAGAGGATATTTTTGGGTGATATTTTTAAGAAATTGCACAATCTATAAAGATTGGAATTGATAATTGTTTTTATTTTGTTGCCTTTGAAGTGGTGTGATAAAAATGAGTAGCATACAAAGCTACTGCTGCTGTTTTATTCTGCAGAAATCAAATGATCAGTGTATGAGAGTCAAAAGTGTATGTTTTCTTTCTTGTAGCTGTAAATGCAACAAAATAATGCTTATTGTTTATGTTGTGATGTATTCATATATCCCAGTTCCAGTATGTATCTTGTATCCTCACTTCTCTGGGTATTTTACCGTTCCATATAGGTTAAAATGTTGCATGCTTAGGAATTGTTCTAGTACTGCTGCTCTCTTTTTTTGGTCTTCCTTTTATTTATCACTGTATAATAAAGCATTGGTCCTTCTGGCTGAGTTTGTTCTTTTATTATTTTGCACACAGATAAACAAAAAAGGTCACTGGGAAGAACTAGTTTATTACATACTTG,Hypothetical,,,,-13.15,<-20,,
28,agatacctgccagtctgtgagaa,7724,7705,Y,Y,Y,16S,Two mismatches,3' UTR,1267,FUN_022351,TATAAGAAACAACATGACTTGATCGTCCTACCAACATCAGAAATACTGCCTTAACAGTCAGCATGGCTACAGCAGTTGAGGGTTGAAACAATCTTTAATATATGTTATATTTTGGGACTTTACTTGGAATTCATAAATTCATATTTCTGCTGTAAAAAAATAATTCCTGAGAAATTTTTATATGTGCCATCACCATGGTGCAGATTTTATGCTTATGATGTACAATCATGTTTCTTTGAAATGTTTTGATGCAAAAAATGAAAACACTACTTCCTTCTGAGAAATGTAGATTTTATGATGTAAAGAATGTGTGGTCTTACCAGTATAGATGGTGACTTGTTGATAATCAGGCGTGGCCATAATGATAGAGACAGTGATTTGTTGATAACTCGTGTGTGGTCATAATGATATAGACAGGGACATGTTGATAAATAACGTGCCCATAATGATCCAAATGGTAACTTCTTGATAATGTTCTGTATAACTAATTAATGTAAATAATCTGTATGGACTTATTAGGTTCTTGTGGAATTGATCATGCATTGTAAGGAAGTCTTTTATATGACATGAATTGTGAACTAAACATGCTGTTTATATGATGACTGGTTTATATTGAGGATGGCTTGTGCAGAAAGGCTATGCAGTCATGTGAAAATGGCTGTTGCAGAATATTCATGAGGACCTGTGTACATGGCTTATGCAGGATGGCTTTATGTACCTGTGTAAATGGCTTAAACAGAATGTCAGTGTTGACCTGTGTAAATTACATCAACATCCATACCTGCCAACCATTCCTGTTTTGGTTTGATCATGACAATTTTATGCACAAAATTATGTCTAATGTTTGCCTGTGTACACTAGGTATTTTGATGAAAGTAAAATAAAGCATTGAAAATCTGCTTTTGTCCTTTTATAACCTTTATTATTCCACTATCTGTGGAAGAAACATGGCTTCCATATAGCACTTGCAGATATTTACAAGAGTAATTGTCATACATATATATTGTCATTTTAGATTTATAACAGCTGTAATTTCCTTGAAAGCCAGCCATTTCATTGATTTGAAATAGTTTATAATATTCTTTATATTAGTGAAGAGTATAGGTTAGATTTAAGTCTATGACATTCAAAAAGAAGCACTATGTGAAGCCTCTGACGGCTTTGATTCATTTGTATCTTTTTTGGGAGAGACTGGCAGGTATGTGTTTATGATGAAGATTTTTGCATGTTGTCCTTTATCCAGTGTTTTCATTATATCTTTATCACTGTGTATTAGTATTAGTAATGTCTGTAAAATCTGTAGCTCATCTAATTGTCAGCTGTTTGATATCTTAATTTCTAATTACATTTCAAAAGATAATGGGGATACTTGAATTGTGTGTTTGTGAAGTTACTGTGTTTTGTAAAATAAAACAAAGAATTAAAAAAGGTAACTTGTTTCTCTCAGTCTGAAATGAAATTTAATCTCAGTAATCAACTGATACCATTATAAATGTTGGATTAACATAATTGTAAGGTAAACAAGTTTAATTGTCAAATATGTTTCAAGTGATAGTTTGATAGAGAGATCAGATAACAACTAGAATTTAGATTGATGGTTAAATAGGTAGGCACATACACCAAAAAAGGATAAGAATATAGACAGATCAGTAAATAACTACATAGTAAAAGATTCTCTAGCCTCTATCACTGAAACACTCTTCATCTTTAAAATTTAAAGCTTTTTTATGTCTTGTACCTTGAAAACTGAAAATGTTTAAGAACACAAACAAAAGGTCTTGGTACACAGCAATTCGAGTTTTGGAATTCTGTTGTCTATATGGTCCACTGTTGAATTTATGTTAACTAATAAACCCTTATTTATATAAAAGCAATACATAAACAAAATGTAGACATAATACAGTCATCTGAAAATGTAAAGCTATTCTGACAATTTTAGAGCATGAATAAAAATATGAAGATGCAAAAAAGTAACTATCACTGGGA,POLR2B,,,"This gene encodes the second largest subunit of RNA polymerase II (Pol II), a DNA-dependent RNA polymerase that catalyzes the transcription of DNA into precursors of mRNA, snRNA and microRNA.",-15.48,<-20,Female-biased (0.54),RNAduplex doesnt match any structure
16,atatacagatgaggtggagc,4215,4234,N,N,,NC (tRNA-His),Perfect match to reference,3' UTR,,FUN_002184,ATGATGAAATGAAGATACTGCACTTTGATCTCGATGATTATACCTACTCATCTGTATGGTATATTAACCTACCTGTGTAACCAACAGCAT,Hypothetical,,,,-13.52,<-20,,
16,atatacagatgaggtggagc,4215,4234,N,N,,NC (tRNA-His),Perfect match to reference,3' UTR,,FUN_013930,ATTCTGTGTAAGGCAGTAGTCACAAGAGACTTGGTATAGGAGAGGTCATCAATTTAACAGACAAATTTATGTAATTGACCTAGAGATGTTGTGTTCCTGGTTTGTGTGGAGAAGAGGCCACCATCAAGTCTGGTGCATCAACAGCTCTGGAGGGATGGCTTTTGTGATAATGTGTACTTCATGTTCTTTAAGAAAAAACATTGATGAATTTGGGGATTATTGTGCTCTGGATGTTTGTGTATTTTTGTTATGGTTTCCATGTCAGTGGCAAGCATGATGTGCCACACTAACTTCATGTCTCTAGTATCATGCCACCCCCAGTCTTTCAGAGAGTGGGGCAGTTAGTATTTGTGCTATAAGTTTTTGACAATGCCATGCCTTCTTTCACCAGTTCATTTAGATACCTCAAAAATTTTGGCCTTCCACCATCATCAGAGGAAGAACAAGCAAGTGAATTCATGAACAATGGATATGTATGCATCACACTGTGTTTTTGACCTGTACAGTCCATGTTACAGGGGTGTATACTAGACTGTGTGGCATACCTCTATACGCAGCACAATTTGAGATCTCATCTAAGATCATTTCTCAGGATTATTGATGTGAACTATATAATCTGTCCATCAGTATGCTCCTTCCTCTCAGTACAGATGCTTTCACACTCATTTATTGTTAAGGAGAACTTTTAGTCGTTAAAAATACAATTCACCTGCCAACTGTTACAAGTTGGCTTGTCTTTTAAAGATTGGTATTCATGGATAAGTCACTAACATGCACACATACATAGATACAACCAACATGCAAATACAATTTTTATATGTCAGTTATCCTTGTCATAAAAACAAAATATTCAAGCTTGTCATGCCTATGTCCTTATGTTATGGCCATTTATCATGGAACAATTTTCATAGCTTATTGTAATCAAGAACTGAATGCTTGTTGCAGCGAAATTTATTAAGATGTATTCAAGTATTTCTCTTGTAAATTCCTATGTATGTAATTCATATGTATGTACATATGTTCCTTATCATACAGACATAATATTTGCTTGGTGTAAACTACTGATAATGATAACATTGATTGTAATGTTTGTAATAATTTACTGAAATATTTCTTTTATAACAAGTTCTTTATTTTGTATAGTGATGTAGACTTGTTTTCATCTCGATTTTTTAGACAGAGTTGTCATTATTAGTATAATTTGTTCATTAAAAATGATATTTCAAGGGATATTCCTTTTTTTTATGCAACTTTCACGTACTAGTAATCAGTCCAGAAAATTAACTTTTCACTCTTGCAATAGATTCAGGCCTTATCAGTGTACCAAAATTTGCATAAAGTTAAGTGACCAGTGGAAGAAGCAGGCCAGTTTGTTAGCATTTATTCCATGTAAAGGAAACTTGCAGTATATTTGTGTGTTCAGAAGGAAGGTTATCCAGATAGTAAAAATACTTTATAAAGAATGAATATTTAACAGAATTTACATTTTACATGGAATTACACATTTATTTTGCCCAAAAGCTACCTATTTGCCGGTAAAAATGTTAAGGTCATTGTTATCAAAAATGAGGTACATAAGTTGCTTTTCTTAACTTTTTTTATTAGTAATGAAGAGATTCCAATCATTCATGAATATACAGACTTATTGCCAATTTTTAGTGAAAGTTGCTTGTTCCAAATTTAAAAATTCCAGAAAATAATGAGTTTTGCTGATAGAAGTTTCTTTCAGAGGCAGAAAAGTACTACCTCATCTGTATGATGGACCATGGAAAATAGTTAACGAGTGCAACAGACAGATTATGTGGCAATAAAATATTGGATTCAAAGTTACTTATTCATGAGAAAACATTTTTATGAATATTGTTTATTCAACCTCTTTTCAATCTGCAATGATTAATGCAAAGAAAGCACTTTTACATGTATGTGATTGGACATTTAGTTTGCAGCAATCTTAAGGGTATTCTGGGATTTTTATTTCCAAGTAGTGATTAAAAACATTCCCTGTTGGTCAAAAATGATTAACACGAAGGTAAATGAAGGGTACATATTATCAGGGGAATGCACCAATACTTAGGAAATTTGTTAATGTGTTGAATAAGGTTATACAGAAGATGCAAACCATCATATCCATATGGATTGGCTATCTAAATATTCATAAACATTTACCTATATCTGATAATAATGCTCATGCGCCAAGCGGATAGAATCGCCTAAATGATGTAATCAGAACAACTTTAAATTCTTCATGTGAGCAAGATATTTGTACTAAATATTGTTTGTATTAGACTGTATAATCATGGACTTGAATATTAATTGGGGAAATAAATTTGGGATAAGGCTTGATATTTAATTTTTGTCAGGGAACAAATGTATTACAATTTTTTCCATCACTTTACATCATAATGTATTTTTGTTAGAAAGTCATAACTTTTTTTAGAGATCTCAAGGTTCTTTGTTCGCAAAAACTTTTTTAAGGAATTTTAATAAGATATATTTAAAAGCAGTTCATTTTTAAAATTTATTATTTGTCAG,UBALD2,,,,-17.09,<-20,,
16,atatacagatgaggtggagc,4215,4234,N,N,,NC (tRNA-His),Perfect match to reference,3' UTR,,FUN_027431,ATAGTTTACTTGTTCCAATGTGATGCAATAAAATTTTTATGTGTAATTTGTCTCATCTGTATCCAAAAG,Hypothetical,,,,-14.67,<-20,,RNAduplex doesnt match any structure
16,atatacagatgaggtggagc,4215,4234,N,N,,NC (tRNA-His),Perfect match to reference,3' UTR,,FUN_047044,CAAAACTAATTTTATCCACAGAGTATCTATCAGCTTGCTTGATAACTACTTCTAAAATGATCATAACATCAATTTTCTCTTTTATATATAAACTGAAACCGCTTATTAACGTGGAAGTTAAATCATCTGTATAATCAATTATAAATTAAAGAATCATTACTGTAATTTAATCAGTTCATAAA,Hypothetical,,,,-13.91,<-20,,
M-sncRNA-7,gattatccctttgacactcccag,3763,3741,Y,Y,N,tRNA-Ile,Two mismatches,3' UTR,436,FUN_006612,CTAAACTCCTTTTCGCAAGAAAACAAGACAGTTTTACGTGCAAGTGCTACTTGTGTATATACACCCCATTCTTCAGTGTGCCACCGAACAAGTCTCTGATTTATTACCCAATGTAACCAAACTCTTCTTCACTATAGTACAAGACTGATCAAAGGGATAGAA,Hypothetical,MGVVPKRPGEETGESNDENLYTFSSRPTTPGERRIPDILVRFQAVGETHPCIAHQYFKVNSSTPLNQIRRHIQSIFKPVFEKGFIFLKGDREILKNTEAKLTLFDILPKLYHGKPSRAFQYPSVHYKQVSVDYEGMRYNVTCACVVFLFERSQMSHWQRNDLQAELSADVIQGFSFIPLNIMSCTGELIDKRTTTMHMHAACAEKSELEAALHQMKREDYTAENLRDQRLANPLHYIATNGIQAALYNMKREDHASENMRVKRLANIPHHTSGNGNQAVLRKTKREDNAAENLRKQLLANPRYNTEANRHSAMCLTLGMCETLVSSLGKEIIYQKDVNGKTPLHCALYRKQIDVVVYLLQLDPDLLTQDDLGNSCFELLIRLKDSELSKIMSTVRREDCVGDLACLHFACAAMRTKNIKEARRFSKKLEPANFLLELGRSPLHLAAILGDRETAETIIEKGYALMDRDSVGFLPFHYACQYGRIKLLKLLYSAQFDDEDINEAVVLALRHRKYQCAKKACLLASTLTFEEDTILYIMKALERNFEKCWEHCLPMLAFDKSVLGMYLLQYAREGLEIAVSRICKLGVDVNFQDLMSRTSLHESSQMGHTKIAKILMDNDADPNIVDWRRSTPLHYACMAGHVDVVKLLLGYSKVRADIQDVCGRTPFMTAAYYKRQNVLEHLVSSDLGNLNIHAVDRYGCNILHYAINMTEGQSDLLLARYSAFAGHPGEDKIKIGNPQFDGEKVMSWYNKSSSGKYVFDGEKTSDGTISVPFAYKREVCSWNDRKKHLQIKQPKKLARPVFLCSKCGKGYRPYMRKDGYLKPRHCCSRDEQMDTSTDMLPFQCHHAITWSDGSTAGHLAARMKSDHLLKKLIRMFPQMAFERDDIGRTLLELSVDLLSPKILTIALECTEGDRRVRELVSRAINVSHWGKTETSRLKCVDLLLSNNTIFPLDADVLEEGHEWIYHRDLSPLALATKLNKIHIVKSILHHNISSASQALCVAVENGNLNLLEILLKHFHESKQSKETVYKAFNLDDACSSSNVSLPLIKLLCEEFPEMLKLDSFSGTFGPLYHLLQKRQPYKKKTRSVDAKKDLEEIAVYLIKKGLYHGLVKVDERDTASRGPQNGDETEYRYPHQYHLTCQSVKAAVDNSSWEVLGVLMHEQGDLFWKCFFTSIECSVQCERYSPRGEGSNIQENKRQYLFEIFWRLFKTDVPSQLVGQFLRQGVKSLQTIGKEEQVSAKWDYASYLPHRLISQFYHGDMLVRSNLNALEEMLPSSEHLNYLEKLLLSLSVFLHSDALIRLLILAPSLFPLLKLPNRNMSVSRKAFSYLRNSLCLKHSMSSPFLSHPNMTLLHVVCCSSDVELLQEILQSPFSLNINERSKIETSTEKSPGLHLDTKPEGESPHNDESTGSENSEMVGLSALDVASACGHYETVKLLLKYGAVPDSHTLQACIVGHKFKGIKSWSDIICGFPKADPNEEKARGKVAVRLIKETWEGKESGPSEQHVILAVKHKRWDILDCLLQRGISMDSVFSDSDLSRIVFQFSTEAICNKLVSVSDVKLIIHPECLGEAFHGASLRENIHVLQKLLETFNETIENYNVLQVKTFLQISKNEGRSRQETVLHILAKKGWFSVMKSLVCQLQKQKGEDGSEISKKKGNYNEFSNEKGTGSNGKSRNRGTEKEDDEEDDAAADETEEQDNKVENYLRNARYLTQESFVNVKDEHQRTPLWYAIVNRHWNIANFLILYNANTGSLPVPGLDVKRTFEDAQNMTPIETLSIEKVAGGKRKFKNHANENSNPPIFELKSYYTPIQPKTVLKGLQRNNIGPMPLKRRSQKFSEQEMKVRKLIPIMNEAKNVGCTILHIAVGHRYVSLVQEILKVNPLLAKTLDRSGYPAYVYAVSANDGELFRMLFDEQLMNIRLGNLCLDIAIRSLLDQRHLRTSAEKSLLRTMKLIYEPYKEFGETPIPIPELEKQLKNFKGAKAKVKYILSGLGDGGDFVKDIVTFLDNVERLLTGLDWYPALSTRRNMEEGSLKEFIEFFMDKLMITKIESSSIYCMSVIGDEWILHKLLEQATNSAKNRKKFIPFIGELSFMDILVIIGIAKNQQWYGDTGRLTMTLDKLPAVFNLQVLQLAADKGCWFDLTRIAKDVFKHESELTDTWTYVCCAAAREGHEELFSNIFENMDLSKLDEEEKVKWTYILFVACLSGHTEVVKKMHQNGVQMIPKIKNALLGKSLIGEKFSQEHSILHYAAKGNNDSCLRLVLRILLDKNLSVEIGDILKCVKFVGETGNVKMLDILLESSGIGIPKDAELSSVFLEGAKRCHEAFCLRLVESANIDPRFSDSNGRNVLHYAGLFGLSKLAKAITDKDPRTVDIPDNFDMSPIDYARQMGRRETITIFKACSSKKAADLKEDVLEANGWFSLLMEENTKMKMEQSLSGRSPRFHVRHLSLETLLISGDDQAASIYLSICKDELNTYLIKFPNGVEILHLIAKHGCIKSLKVILNALDETTDVDTVLNMEYKLITPLATAIKYKRIECMQALLSHSSEKARQWKSNITGENILHYAIKSENIEIVSILMAEEFAQNLRHSPDLRGLTPIACAASLGLHAILHVMCGEGEATDKNHISHMNDASFYCTECIFDRCVGWSKLYQSGHIFEKNIRGENVSLLMELDQRFTSVSSNRASRFYYDNDQIRWLFSFPAANDTLARSVVTALGCNASTTPYRRQDQMKAFSDFLVNKILDEDESIPISIVHCLASSGKIAFLKSMQDFWKVHGRHEGNRRYDESLSESAYAFGFLNVGRYIDSEIRKTGDTPKYRHFEQLRNILPPKILWCTGLSHPGDDIWQQSIVEEGSRMSFADVWIISSMEISLLEEMEKKANLTDMVPKDCQGKKLSMDVESFRKQKQLMSKNEVWLRAFLASSLIYGRLSSLMRCSDSKLTDSTSLKVKCLTESYGEQAKTTTEVDGSLTESIILKTVDNAIVIQYDEGPQNRTTESQIRVRVQSEILPTLEEQIRTMINGRQVSLRVDWRSIESRRISSSYRQILGALCGDEFDNALGGLQDVIRHCEDMLENIKKMFSPETANLALSLMSQNTEIIVRYIDSTPSSQTQSKPSFFMPNPTWVWSFTIDAGVLKYDRSALPLWNIIKLYHTVCINLITGLTNIAFESKPVNDILSRRGVTINRRHSTISSDRVSVQPENGTMKLSSRDSDQITSRGKKQKDINRRNITFDIDIRSFSKIQSSEVIAQMFRDKIYYEMCLLDVTYKGLLWFDTFIHRFVLSGTSAKHGSSIAISNGTLSLDFNVRPAQNGKWVVDSLDSLQKLNQIEERELRQSWTEGAIPDAEKYAQTVVQEIKEKTGLSVALNIDEQMIMSSVIENNRNEMEHPFMIAAILTKIATTRLSAYFTESIKKFIEWDVSLMDWMTVNLPPGLWYVPTMKTLRKDNFLGKVLIQRTVPSKLKSHDRRNSSLNRHRTWLRNQWTYNICNDFKGLELLNSKDELPKSFENVHGVWVQKPFHKLKILPDAYKNDRLQLLSLNGRLYRILDRKTLLDFLQMFPLKKLVGQDAMKSAERLSCNFFDPNVPTTETRAIDPKLHPLILGLDKELCTLLDKLPLRLFRFGVNVSINWSSFVSKEKGLTETKLITSIEALINTFHQFINKRHLIHDRFGCEFVENVRKVISHTLGKLVTLYVSCKSEDQVAHHKGLRIVHGFLYGEKCDVLILSETEINIIVTGRKQNATFLKTFEGAVVQMIELDLEKEFALNKDEAERAKTNTDLKLTLSVTKLDSNQSGESKNKTIANNGPDEYFSESKTPLDLHLASVVSPYVRDGLMYIRDSLRRKLPKFFHISLLQASDNQTTIKCENGTLEICVSPMDLTAETILKKLISLSVPLENTSTLRATDANDVIFNVDSAFYFPKIGTNTFTLDICMKTGNGVSESFLEALSKDSFEIKANSADTTLVVNSVQKIDSNKFKIDWIAPENVKEDDDVLITVLGHQIGNIKPHIFEPHDAFYTNVSPHEDKMALSTCKESSFFFFFEHDLQCIAQDSANVHLKGNGATTDPKNLCHKTVHLSQSRGWSHDSTFALIFSYQKRKYPGIGKRKPFKLTWEHNRRILVRYTCLDSYRKVHIRALCKTCKCYLRIYTPFFSVPPNKSLICYPK,LOW: serine/threonine-protein phosphatase 6,Regulatory subunit of protein phosphatase 6 (PP6). May function as a scaffolding PP6 subunit. Involved in the PP6-mediated dephosphorylation of NFKBIE opposing its degradation in response to TNF-alpha.,-12.53,<-20,Female-biased (3.27),
M-sncRNA-7,gattatccctttgacactcccag,3763,3741,Y,Y,N,tRNA-Ile,Two mismatches,3' UTR,1227,FUN_021654,GTGTCAAAGGGGTGATAATGGCGTATAACTTTAATGCAACATAATGTTTCATATCTGAAATAAAGTAACTCACACAAGTTTTTCATTTAATATATTTCTTCGTGTTGTACGAAAACCATTATATTTTAACGAGTGGCGATGGCATGAGTTAAAAAATATGGCTTTTGGTACAACAAGATGACATCTATCTCGTATAAACGTAAAAAAATAAAATTTACTTTTTATTATGAACCAGACGTGCTCAAGGATGGAGTTTAGAAGATTAAATCCATCATTTGGCATAATACGCTCTCACGCCCAAACGCTTTTCGTAAATTCACCTCACTTATAGCCTGATCATATAAATATATACGTAACTCAAGAAAGCTGTAGGATGTTATTGGCCTAATCTGTCGTAGTAAATTATATTTTTGTCATTTTATAAACTGTTTGATACCATCGGAAACAAAGCATGTCCGATTGAGTAATGTTTCACTGCGGGTTTGTTAGTGTTGTCCAGGATGTAAAGGGAAATAACTTCACGGTCAGGTCAAATTTCATTATCAGTGTAATTTCCACGTCTGAAATGGAAGTCAGTAATTGTCTATTGTTTTAGCTCATAAAGTACTTGTTTTTGTTATTGCAGGTACAACTTTAATAGTGACACACAATCAAGCGTCGCGTGGCATGATGGGAAATCTTAAATTTTCACGTGAAAATGTAAGGATATATTTTCACATGTGAAATTTATACAAATGAACAAATATTAAAAATTATTTCGTCAATATCTACTCTTTCACATCTAAGTATATAATAAATACCTATCTATTTGTGCTAAAGCGCCATAATTCTGACGTCATTTCCTGAAAGTAAGAAAACGATACTGAAGTTTTCTGGTCCATTTCACCATATTTAAAAACGAGGCTGGAACTATTTTATTATGGAGGTTTCCTGGTTACAGCTAAACATGTTGTGAACAACTGTGCAGTAATCTCACCTGAGATTGCAAAGGAAATGAGTAACAGTCTCTGAAATAAAAAAAAATATATCAACAAGTTCTAACAGTCCAATCCCGCTATAAATAACTGTCGAAATAATGCTGTCATTCCCTTCTCTTGCCAAATCCCTATCAGAGCCTCTCTCAATGTCCCTCCAGAAACCGTTTGACTGCCATATGTAAAGCCTAGGATAAAAACTTTCATAGTCATTCAGACGGCAAAATCTTCACTGATGCAAAATCTGCACAATAATTTTTAAAACACATAGTTTGGTCTCCTCCCCCGAATGCTGAAGATTTTATGTGATGGCAGTTAAAATGAAAAACTAATGAATTACGTCCTTTGTTCATAACACTGATATTCATGTGTATATCAACTGATCCAAAAGTGTTTCATTTAAGATAAAATTCATTATTTAGAAACCTGACATGTTAAGCGATTTAGTTCAATTTTCAAATTAGCTGAAAATGTAGAAAATATATAACAAAACTATATTTGTCTTGTCAAATTTTTAATCAGGGAATATTTCACCAGCTGAATTACTGTGGTCGTTTCTCCCCGATGCCGGGGTGAAAGCTGATGAACTGTTTCTGTCGCGACATTACGAGAGAAAAAAAGTGATTTCAGCCTCGTTTGAGAGTAGGTTGATATGGAATCCGAAAACGTCAGTATCATTTTCCTACTTCTAAGGAAATGAATGTAAAATTCTGGTATATTTGTGATAAAGCATTAGTGTACTAGTTCTTTTTACTACAAAACGATGGTAATGTTTAAGTTGAAATGGTAATGTATTTTTGTCGATTGTGGTATATATTAATTATTCTGTTTGCTTTCAGGACTCAGAATTAAACATTATTTAGTTATTTTATATCCATGTTCTCATTTTGTAAAAGCAGTGTTGTTTGTAGTGATGCTTTTCATGCGCAGCTGTTAAGACAAACGAACTTTGTTTATGTGTTCATAGTGTCATTCAAAATTTCAGTTTCTGTCTCAAATTCTGATTTAGAAACAAATTCAACTTTCCTATTTCATTGTTGCCAACTCTTAAGTTTTCACTGACCATTCATTAAGGACAAAAAGATCACCAAATCTTGAATTCTTCAGCAAAGATATTGTTTTATCTGTAGGAAAATATGCTGCCATTTCATACAAATCGAGGAATTTCTCAGCTACGTTTGCATGAATGAAACGATCTAAAGGTTTAAATTTTTTTAAACCATATATTTATTTTTATCTTTCTTATCCTCTATATCAGACACCTCACCCCTTGCATACACAGACACGCACGCATACTGTATTGTTAGACGTATTATAAATAATACAAATGTAAATTCTGTTTTAGGAGACCTGAATGCGCTTATTTGACCCATCAATATACGTTTCTTCTCTTCCATCCTTTTGTTGTTCAGAAGATCCACATG,Hypothetical,MPVHSSQKNVKNGSEEQKRRASLKYMQKPPTIMPNYGKNKPLASPKTNISRVLLYDNVTQQQMLDVKLAHIKIEKQRASRLLDMHKRSFWVMMKKKHQQMFDAGTGSRSGSRLPALALGRSTFSTPRESRMYSRSPTNLSLNVEELKLPTIGENEKHIVFKVRDKNGNLKIYHTFDDRGIFSDIVPLHTFYSKTTDDPRFQCLEEVLIRPRSTKSVDGFVKLSPTYVKEYPRIPEHVQQMARQSSLGAS,Very Poor: CUNH5orf52 (chromosome unknown C5orf52 homolog),,-13.22,<-20,Female-biased (0.51),
M-sncRNA-8,gagaaatggtagaccaatctgggacg,11278,11253,Y,Y,N,tRNA-Ser,Three mismatches,3' UTR,1081,FUN_018779,TCAATAAAGTTGGTTTTTATTGTTAACATACCATTTCTCAAA,RMI1,,,RMI1 is a component of protein complexes that limit DNA crossover formation via the dissolution of double Holliday junctions,-15.23,<-20,Male-biased (-1.62),
M-sncRNA-9,ataatcactttacatcggactttcg,11187,11160,Y,Y,N,tRNA-Glu,One mismatch at 3' terminal,3' UTR,1895,FUN_034206,TTTAACATTTTGTGAAAAATTATCTTTCTTCTTGCCATGCCTTTATCAGCAAGCAACAAGCTATAGATTTCATAATTTGGATCCAGTGGCCTCATAATCCCGTAAAAATGTTTATATAATTTTGTGATAAAGATCCAAAAATGTATGTCATATACACTGTAAGAAATTTTTATAGACAGATATGTTTTTGTAACTTTAGTCTTTGTAAAGAACACATACAGCTTTTGAAATATATTTTATGTTAAAATTTGCTGCATGGAAATATTTTATATATCTAATATAATTAATGCATATGAAACAAAGTCATGGACCCATTTGAATGTGAACAATTTGGGGGTTTTGAAATTAATATAAATACAGAAAACCTGAGAAGTTGGTAGCAGAATATATGTTTATGTATGATGTATTTGTTAGTTGATAGATTGAGTACATATTTTAGTGCCTTTTTTTGAACTGTGATATGTGTACTGCTGATGTAAAGTGATTTACAATTACAAAATTCTTTACCATTTTGTAACTCTTTTTATCTAAAATGTTATTTTCCTAAAAATTATTCTTGGTAGGTTTATTTTATTCACCACTGTTGTTAACATTCATTCTAGACATTCCGTCCAATAAATATGGTTGATGTACATTTAAATGACCACACTAACTGTTTCATCTTCAAGTGGTTGTACAACATATATTCTTTCCATATACTTCCAAATCCAGTACAGGTATACATGCACTTCAGAATCTAACCTAGGTTTGATACTTTATCAAGTTTTGAAATGATTTTCTTAACCTAGCAAAAGAATCACATATGGTTAACAAATTGTGTGTAATATAACAAAGTAAAATGTGTGTAATATAGTGCTTTACTGTATATATTCATAAGTTAAGTCCCACTGCAAATAACAGAGACCTTGATCTGCTATGGTATAATGCACTGGCAGATCAGGGTCTGTGTTGCTTTTTCTACCGATTATTTCTAACAAACTGGCACATTATGTGAAGGCAGATCTATCTGTCCAGTTTGTTTTTGGTCTCAACTTTTAAATGAATATATATATATATATATATATA,AXDND1,,,"A novel testis-enriched gene, is required for spermiogenesis and male fertility",-16.47,<-20,Male-biased (-0.56),
20,agtctgttcgactgcaaagaccctacggg,7713,7685,N,N,,16S,Two mismatches,3' UTR,,FUN_042058,GTTGACTGACATGCTGACTTTAATTAAGTACCACCTGCTCATATGAAGGCCACTTACTGTTGATAAACAAAGAAAATGTTAATTGAAATTAAGAATCTATATACAGATACAAAGATTTAACAAGGAATAATAACAGGAAATGGAGAACTCGTATCTGGTCTTTAAATCTTTATTTTTTTTCTTAGTTATCACTCCCTATCAATGACATCCTTTAAGAGAAGTCTGCAGAGAAGGAATTTTCAGTCATTTAAAAAATATTATTGCAATGAAGTTTCATATTCAGCTGAATAAATCGGTTCTTTCTTAAGACTTGCTGGTGATATATGTTTTTGCTTCAGATTGTAATGCAACAGACATTTACTCATTTTTATTTCTTTATTTGTTGTATTCTATCTGTTCTTTGCTGTCGCAAAGAGTATTTGCAATATGGTAATTTGCAGTCGAACAGACCTTTCTGACATATCAACCAGTTTTTGATTTTGCTCCAAATTTGAAGTTTTCTTTCTTTTTTGTTCCAGTAATAAGTTTGTAAAATTTCACATTTCTTCATGCATTTAAAAAGATTTTATGTAAATTAGCATTATTTTAACATACCTGACACATGTTAAGTATTTTGGGAACAATCATTATTATGATTTTATACATTGAATTCTCTCTTACTCTTGCCTGTGCATAGATTTTTCTTTCAGGTACAGTGATCAAAATAAATTGAAATAATACTTTAAAAA,PSMB5,,,,-20.34,<-20,Highly expressed - male biased,cleave peptides in an ATP/ubiquitin-dependent process in a non-lysosomal pathway.
21,aatcactttacatcggactttgaa,11185,11162,Y,N,,tRNA-Glu,Two mismatches,3' UTR,,FUN_022128,AAGGTGATCCTTATCATTCGGTAGCAACTTAAAGTTCATCGTGTGAACACAGAATACGTGCGAGATAGTTGCATGTTTGTCTTCGGTGTAAAGTGATAAAATATCGGCAATACGAATTAGATCAAAGCTGTATTGTTTATCAAAGATATTATAGGAGCTTATGGGTAAATCAAAACCCATGGCCGAGACGAATTGGGGTGTTTGTTCATAACGTTTAAATAATTCCTTAGAAATTCAATATGCAACACATTCTTCACTTTGTACGTAGTGCAAGTATAATGTCTCAAAATCAATAAATGTGTATTATTGGTTAATGCAAACTTTGCATGAAATCCTATATGTTTTGTAAATTATGACAATGGGTTTTTTTTTTCATCGGCAAAGAGCTACACCATTTACTTCTTTACTGCCAGGAAGAAAATAAAAAGAAACGGAGTTTCCTAATAAAGTCTCATATCACATTTATTGAGCTCTAAATATCTTTCACCTCAAAATGCTTACTGTGTATTCAAATTTCAGTGTTATAAATGGTACATATTTATTTAGAACGCCTCCTCTTATCTGGGGTGTTATTAAAAATTAACATTTTCTGATAGCAAAGTGTCTATTGGTAATATTTGCCGTTTCACATCGTTAAAGATCTGAAAACGGTAAAGAAAACATCATATTTATTATCATTGTCAGGGTAGCAATTTTCATGTCTACTACAGTGAGTGGAACAGATCTTCGTGTGTACATATATCTTACATATTTACATGGTAGAAACAGAACCTCTAAAGCATTCATTGTTTATGTATTTGATGTTGTTTTTTGGAATTCTCATTTGAAAGCATTTGTATATTTGTAACATTATTGCTTTGGGTATCATTATAATCGTCTGACATTAAAAGTATTTTAATCTCAA,Hypothetical,,,,-15.68,<-20,,
21,aatcactttacatcggactttgaa,11185,11162,Y,N,,tRNA-Glu,Two mismatches,3' UTR,,FUN_034206,TTTAACATTTTGTGAAAAATTATCTTTCTTCTTGCCATGCCTTTATCAGCAAGCAACAAGCTATAGATTTCATAATTTGGATCCAGTGGCCTCATAATCCCGTAAAAATGTTTATATAATTTTGTGATAAAGATCCAAAAATGTATGTCATATACACTGTAAGAAATTTTTATAGACAGATATGTTTTTGTAACTTTAGTCTTTGTAAAGAACACATACAGCTTTTGAAATATATTTTATGTTAAAATTTGCTGCATGGAAATATTTTATATATCTAATATAATTAATGCATATGAAACAAAGTCATGGACCCATTTGAATGTGAACAATTTGGGGGTTTTGAAATTAATATAAATACAGAAAACCTGAGAAGTTGGTAGCAGAATATATGTTTATGTATGATGTATTTGTTAGTTGATAGATTGAGTACATATTTTAGTGCCTTTTTTTGAACTGTGATATGTGTACTGCTGATGTAAAGTGATTTACAATTACAAAATTCTTTACCATTTTGTAACTCTTTTTATCTAAAATGTTATTTTCCTAAAAATTATTCTTGGTAGGTTTATTTTATTCACCACTGTTGTTAACATTCATTCTAGACATTCCGTCCAATAAATATGGTTGATGTACATTTAAATGACCACACTAACTGTTTCATCTTCAAGTGGTTGTACAACATATATTCTTTCCATATACTTCCAAATCCAGTACAGGTATACATGCACTTCAGAATCTAACCTAGGTTTGATACTTTATCAAGTTTTGAAATGATTTTCTTAACCTAGCAAAAGAATCACATATGGTTAACAAATTGTGTGTAATATAACAAAGTAAAATGTGTGTAATATAGTGCTTTACTGTATATATTCATAAGTTAAGTCCCACTGCAAATAACAGAGACCTTGATCTGCTATGGTATAATGCACTGGCAGATCAGGGTCTGTGTTGCTTTTTCTACCGATTATTTCTAACAAACTGGCACATTATGTGAAGGCAGATCTATCTGTCCAGTTTGTTTTTGGTCTCAACTTTTAAATGAATATATATATATATATATATATA,AXDND1,,,,-15.96,<-20,,
22,aaagatctaacttgcactcag,11433,11413,Y,N,,tRNA-Ala,One mismatch,3' UTR,,FUN_019644,TTTTTGTTTCATCCGAGTCTTGGCACAAATTTCATCACCAGCTTTGTAAACTAATGTTGCTTACAACTGTGGTTCTGTAAACTCTATGTACAAGGTTGTTCTACATGTAACAAGATAGAAGAACAAAAATATTTCAGTTTATACAGAATAAAATGTTAGTGAGCAGTAAAAAAAAAATAGTTCATTTAAGTCTGGTTAAAAATACAGCAAGTTAGATTTACATTGGTATTGGAAAATGTTTATAATCCCAAAAACAAAAACAAAAAAAAACTATGCACTTTGTGGTCCAATTCCAATGATAAAATTGACATATTTATCTAGAAAATAACAAGATGTATATGCCTAAAATATTTAACTAACTTTGATATATAGTCTTATAACATATATACAAGATATTTATACCTAAAACAATGGTTGTCAATCTATTTTACATATCGTGCCACCAGTAAGAGAGTAACACATAAAATCAGATTTTTGGCTACCCTTTGCATGCCACATTTATACAAGTTTTGGTACAGATATTTGCAATTTTTCTACTGCATCTTCCTGTGGCAACCAGAAAAGTGATGCCTTTGTCTTAACAATGCTATTGCAAGAGAGATGTTAATTCATGTTTGACTCTGTATGGAAGTATGTGCAAATGAAATTGCATAAAAGGTCGTTTTATGAGCATGTCTGAGAGAGACTGAGATATACTTGAAAATTTGCAGTGGTTTTCTCTCAATACTAATAAGAAATATATGCTTCTCCAATGTACTCTGTCAGGTAATCTCAACTTGTGTCGTTACTTTGAGTTACAAAATTAAATTAGGTTGGCAGTATCAAAAAGAAAGAGAGTGATATTTGAAAAGTCAAAGAATTAGTTAGAAATTATGAAGCACACCTAATGTTTCTTTGCTGATATTCTTTAAAAGCTTGCTGATATGTAGAAATATGATATAGTATAAGCATGTGGGTGATACACTAGCAAATAAATAAATGCCAAATAAAGC,BIRC3_5,,,,-12.37,<-20,,
23,ctattatggcctgaataagaaatgaaat,9166,9139,Y,N,,12S,One mismatch,3' UTR,,FUN_030084,AATACACGTGCAAAGTTAGCAGACACATGGACTCTTGAATAGTACGCACTTAAGATATATTTCAACTACAGGCCATAATTCATTTCAATATAAATTAATGAATTTCTTTTTCATGTATTAAATTCAATCAAACTACCAA,Hypothetical,,,,-15.71,<-20,,
24,aaagatctaacttgcacttat,11433,11413,Y,N,,tRNA-Ala,One mismatch,3' UTR,,FUN_019644,TTTTTGTTTCATCCGAGTCTTGGCACAAATTTCATCACCAGCTTTGTAAACTAATGTTGCTTACAACTGTGGTTCTGTAAACTCTATGTACAAGGTTGTTCTACATGTAACAAGATAGAAGAACAAAAATATTTCAGTTTATACAGAATAAAATGTTAGTGAGCAGTAAAAAAAAAATAGTTCATTTAAGTCTGGTTAAAAATACAGCAAGTTAGATTTACATTGGTATTGGAAAATGTTTATAATCCCAAAAACAAAAACAAAAAAAAACTATGCACTTTGTGGTCCAATTCCAATGATAAAATTGACATATTTATCTAGAAAATAACAAGATGTATATGCCTAAAATATTTAACTAACTTTGATATATAGTCTTATAACATATATACAAGATATTTATACCTAAAACAATGGTTGTCAATCTATTTTACATATCGTGCCACCAGTAAGAGAGTAACACATAAAATCAGATTTTTGGCTACCCTTTGCATGCCACATTTATACAAGTTTTGGTACAGATATTTGCAATTTTTCTACTGCATCTTCCTGTGGCAACCAGAAAAGTGATGCCTTTGTCTTAACAATGCTATTGCAAGAGAGATGTTAATTCATGTTTGACTCTGTATGGAAGTATGTGCAAATGAAATTGCATAAAAGGTCGTTTTATGAGCATGTCTGAGAGAGACTGAGATATACTTGAAAATTTGCAGTGGTTTTCTCTCAATACTAATAAGAAATATATGCTTCTCCAATGTACTCTGTCAGGTAATCTCAACTTGTGTCGTTACTTTGAGTTACAAAATTAAATTAGGTTGGCAGTATCAAAAAGAAAGAGAGTGATATTTGAAAAGTCAAAGAATTAGTTAGAAATTATGAAGCACACCTAATGTTTCTTTGCTGATATTCTTTAAAAGCTTGCTGATATGTAGAAATATGATATAGTATAAGCATGTGGGTGATACACTAGCAAATAAATAAATGCCAAATAAAGC,BIRC3_5,,,,-12.32,<-20,,
25,atggcaaaacaaagagaaactctaa,8056,8032,Y,N,,16S,One mismatch at 3' terminal,3' UTR,,FUN_014163,AATGTTTTTGTTCTTTATGGCCAGGAATAAATTTGATATATAATTATGGATAACTGGATAACTTTGTTTTGCTAGGCCCCAAGGGTTCTAATAGTTCCCCAAGGGTATTGGCTAATATTACAATGATATTGTAACTTTATTATTTGAAAATATAATATATAGTCAGTTTCAAAAAATGTAACAAAATGATGCTGCATCTGAAAATGTATTAAATAAAAGCAAAAACAAATTAAAAACTTCTGCT,RMND1,,,,-10.4,<-20,,
26,cgatagttttgtaggtattgaa,15125,15146,N,N,,NC (COX3 and ATP),One mismatch at 5' terminal,3' UTR,,FUN_003980,CCTGACAATGATAACAGTATCTGATCCTTGACTAACAGCTGAAAAATTTAAGCATTCATTGCCTAATATGTGATAAGTTATTGTTAAATTCATGTTTATTCTATTAAAGATATTTTGATCTTACTACTTGTACAGAACTATGTTACGGGAACATTGCATTATATACCTCTGGTTCATGTGAAATAAATATTATTTTGAGCAAAACATGACAAAATTTTTTAAATAAACATGGAAACAAAATGATAATAGTAAAAACATAAGATGCAAATTTTGAGGTTTTGAAATGGCGTCTGTAATAATAGGTACTAAGTGATATTTGGTGGTGTCATATTTATATAGTCTGGCACCATTGTGGTAGGTACCTATCAAAACAAACAACTGTTATCTGCTATGAAAAAACAGGACACTTATTAATATACACACAAACCCTTCATTCAATGCTTAATCAGTTTATGTTCCATTAACCTGGACCCTGATATGACAAGTATATGTTAATGGACCTAATTGAGTAAATTTTTTTAACCTATTACAATCACAGAAGGTGGCATATTGTTCTTCTCATGTCCATCTTTATATCATCACATTCTGTCTATGCAGAATCCTTCTTAGTCCAATAGTTATTAAATTTAAAGCCATGCAATTTGACACTCTTAATCCTGTTCATAAGTAGATGATTTACCCTCAGTCATTGTAACAATTTTTCCATTTCTTTAAAAAATCAACTATTTTGGATCTCTTAGTACTTTTACTCTCTTGCACAAAACCATCATGGCACATAAATGGTCCAGGAGCAAGATCACTGAGTACAAAAAATATCAAATATTGAGATACCTTGTAGGAATAGAACCCAAATATGGTTTCTGCTCAATAAGGTTTGTTAACCACCATCTGAAGTTACCATTTTTTGTGGAAAGCTTGCACTTGGTGAGTTGAAGAACCTTATTGGTTTGGGAGCCCACAGTGTACAGTAACTTGAGTTTACCAAATATTGTCAAAGACTTGTATTTGAAATAGACAAGGCAGTTTATTCCATACTGAAAACATCAAATGCCTGGGTCATTCAGACTGAAAAAATGCACATTTTGTGGTTTCTTATAATAACTTTAGTTCTTCAATATCTTTAGTTACCAGTCTTTTTGGATTCAAAACGAGAAAGGTTAGAGCCACAGAATGAGAAAAAGATTTCTGCACAATAACACCATTTCTGCATCACATATGTCAGCCAGACTTTGTGAGTGCCTTTGGTAAAGACAAAGTCTGTTGAACATGGATTCAAAAAAAGGTCACTGTGATTAAGAGAAGTAAAGTTGTTTCTGCAAAAACAATTTAGGTTATTGATTAGATTTGCCTGAAATGATAAAAGAAGTGTGAGTTTTGACTCACTACCAGCATTTGTATAAAATAATTTTATTTTTTATTTTGTTAACAAAGTGCAACCAATTGAAACTGTCCTAAAAAGAAACTGTACTTAAATCATAACCAGAAAGTTAGTAATTATGCCTTTTTTTCTGTTAGCATTAGCATACAGATTCCATATGTGCTTATATTTTATTAATTTTGATGTTTTTTTTTCTTGTCATAAAACATTACAAGAAAATGTTGAAATTTACCCACTCTTAAAAAAGTATACTTCTACTGCATTACTTAAAATAATGTCCTGTATGCACAATAACTTTGAAACAAGAATTATTTTTCCTTGTCCACTGTCCTTACTAAGGTATTTATATTTTCCAAGATAGAACAAGATAGCTTTCTATGACACTACCAGAGGTTAAAGAATTGGATTGCATTTCAGGTACTTATATATAATTCCCTAATATTATCTTGAGATAATTGACCGTTGGTACCAGGAAAGGACTTTGATAATTTATTGGTAGTATTTATATTATTTTTGAGAAGTAACTTGGACCTTCAGATTCTTGAGCAAATATACATAGGTACTTGATAGTACATGGAAGCTTTGGTGCCACTTTTTTGTTGTATACTTGTTAAAAATTCTTAGTGAAAATACAGAAGTTAATAGGGAAATGCCAATGAAAACCTGTCAAATGCCAGTTATGGTTCTTATCTATATTATAGGATCATTTCAGATGTCATCATTTTTAGTTCATCTAGCCAAAGTCTGATTACTCGTATGATATTTCCATTTGACCATTTTTTGTCATCCATTTATCTGTGCACAATTATTTTTGAACATTTGTGGAGCTTCATTTCTGATCGCATATTGATCAAATTATATATGAAAGCTTTTATCCTCTAGGCCTTTGATCACAAGTTATAGCAACATATTTGAATAAGGATTTAATGGTGGAAATTTAAACCCACAACCTTTTTGGATTTGATACCAGTGCCATAACCGTTGAACAACAGAAACTCCATTGGGTCAAAAATTTCATGGAATTTTTAAGTTATGACTCCAGAGGTATGGTTGCAAGGGGGGCAATTGACTCAGAAAAATTTGATGACTGCCCAGGTTAACTCCCTTGTAATGGAGAGCAAGTGTATACACTTTAAGAATAGGCTATGAACAGTTTGCAAGTTCATGATGTACTCCCTAGAGGCTTGGAGAGATCCCGGGTGTAATGTTTCTTGCTTGAGTATCTTGTCCTTTTAATGCATTGTATATAATCCAATTTATTGATCCAGGAATGAAAAAAAAATGACACCAATATTAATAGATGAGTTTTGACAACTATGTGCCCCAAGCATTTATTTCCCCAGTTGTTACACTACTTGTGTGAATATACATTCACAAACTGACACATATCGACTATCTAGGTCAGTAGTATCTCCCAAGTTTTATATCTTGTTATATTGGAGGAATAGGGTGATGCATCCATGGTTTGAATTCTTAATACCTACAAAATTGTTGCATATCATTTACCTTGAATCAGTTTTCTTTTTTCTGCATGTGAAGGTTGTTAGGAATTTGTATTGTAGCACATTTGCTTAAATCTTTTTTCCAGTAAAAGTTTCTCGGATATGAAATAGCTGCCAGTTTGTCTCAAAATTACATTTCCAAAAGATTATTGTTATTAATGATATCTTGTTTATGTGATGTGAAATACTTATTGGATTAACATGCCATTTCACTCATTTAGATATCTGGCACTATTTTTCATCTGGAAAATTAAGCTTATTGTTCACAAAAAAAATCATTCCATTTCCGTATAAATGGTTTTTCAACACTCATGCTGGCATTGTAATCACTAAATATAATTAGTGACAACAAAATTTATTTTCAAAGAGCAAGAGATTTCCATAATGTAAAAATTCTTTTCTTTCTGGTACATGTAACATTTTGATTTTCTTGAGCTAACATTAGTGGGAAGCAAAAACAAGTAGTCACTTTCTAGCAGTGATATTGGTTATCAGATGTGTCAAATTTACAGTTAAAATTTTTAGTTTGAGTTTTGGCTGGCTTTGGATTTCATTCATGTTCAGTCTGTTTTGATGAAAGCTCAATATAGCAAAAATATTGTCATGTGTTTAACTTAAGAATTTCTATATTTGTTGGCTCCCTATAATAAAATGTTTGTTATTCAAATTCAGCTGACTCTTAATTTGTTTACTTTATTGGTAGATAAGTGGTGGGATGCAGAAAACTGGCTGCTGTGAGCTGGGGTATTAATAAATAATGAATAAATAGTAATGATGATTTGTTGAAATATTTCAGAACAATAAATTGTTTGCTTTGTAAATGTATTTCTTGTTCTTGACATGGCAAACATTTACAAATCCATTTTCCCAATTTGTATCTTTTGGGTTTCTTTTTATGTGAAATATTAATATTTTACATCCTAGAGCAAAAAAAAAAAAAAAAAATTGGGCGTAAAATGTCAAAAGCAAGAATGTTAGTATAATTTTGAAATACACCATTTATTTGAACATTTTGGAAATGATTCCAGTATGTGGTTGTGCAAACTGGTAATTCCTGCACTTCTAACTCACGATTTAGTTTACTGTAACACTTATTATTAACAGTAGGCATATGGTACTGTCAGAGATACATGTATTTTGTTATTTAGCAGAAATCAGGAAAATTACAACTGTTTACATGCATTTATTTATATATGTCTCTGTCTTATAAATGCCAACACTTTTATCTCAATGCTAGTATAAATGGCTCCAGTACACAACCAGGCACACAAGCATAGCACAAAGCTTTAAAAATTGTTAGTAATCATAAACAGAATTACTAAATGACATCTTACTTGTAATTGTGAAACATACAACTTAGTTATTGTTATGGCATTTAGTATAATTGGGTATGAAAACAGGTATTCACACTTTAAAAAGTTGATGGATTAAGTTTTTCAAACTTAATAATATAAAAAGTCAGTTCCCTGTTTTTTGCAACCATCGATGATTAGCGAATGAAAAGAAGCTGCCTGGGGCTATTGTAGGTAGCACCAAAGACGGTAATCTTGGTTTCGTTTGACTCCTCATACCACATTTTTGATATTTGAATATTTATGTTGAGGTGTATGGTCAGAGTCAATTGCCTGTTGAAAAGTGGAATTTGCTTCCAAAAATCCAACGAAACCGACATTGACACATGCTTTATTCTTGTTGATTCTGACTTTGTCAAAGTTGCTGCTGCAGCAACAAGTTTCAGGCATTGTTCTCAGAATAAATATGTTGAGAATTATGTCTCTGTTCAAACAGTATGTGACTTTAATTTAATATTTTAAAATTATTATACAACATTTGAAAGGGATTTATTGTTGATAACAGGTGACTTTTGGACCTCTGATGTCATGGACAAGCAGGTTGTAAGATTTGTGTAGTCATGTGACTAGCAGTGTGAAGGTAGGGTGTCAGATCAATTTTCATCAATGCTGTAATTTAATTTAGCCCTGTCAGATTAAAGACAATGATTATAATGCTGACAATTTCTCAAAAATTATGTTTTCCTGTCGATTTCATACAGGTCTGACTAGATGTAAGTGTTTAAGTTTGCTTGGCCTGCGTGTAAGTGGCTACCCCATACCAACACCACATGACAGTATTACCTTAACAATCGTCGCTAGTACAGTGTACTTGTAAGGATAAAAACTGCTTTTCTTTCGAAGCCAGCAATGTGACACTTTTGAATTTCACAGGATTACGGTAAGTGCTATCAAAATTAGTCTCTTCTGACCCTTGCCACTCC,Hypothetical,,,,-17.02,<-20,,
26,cgatagttttgtaggtattgaa,15125,15146,N,N,,NC (COX3 and ATP),One mismatch at 5' terminal,3' UTR,,FUN_004729,TAGGTATTGCTGACTAGCCGTTTGGATTGACTTTTTTAAATACCCTTTTTTTCGAAGTTTCTTTGTGCTCAAGAATATTCTAATGACAATTTCAGTGTAAGTTTCAGATGCTTTAATCTATTGTGTAAATGACCAAATCCTCGATGGATGTCAAAGTGTGACCATTGTCAGAGTGCTTCCAATGTCTACAAAACTATTAGCTATTTTTGTTTCAATTTTTGCATACATTATAAATAGAGCTGGCATTAGTATTTTGTAGGGAAGCAATCGTTTTCATGCACGCAAAAAGAAAGTAAGAAAATAAACTTTGTGGACTATATATATATATATATATATAT,Hypothetical,,,,-10.34,<-20,,
27,aatacccagaggctccaaaa,8946,8927,Y,N,,tRNA-Thr,Two mismatches,3' UTR,,FUN_005852,AGACGAGAAAAATTAACGCTATTTTGTTCTGTTGGGAGCTGTGAAACCTCTTGTTTTTTTGGACATAGCTACATCATCAACATCTCGGCAGCCATCTTGAAAACTGTTGCCAGAATCTTTATCTGAATAAATTTTGTAGAAATTCGATTTTCTACAGAGGATATTTTTGGGTGATATTTTTAAGAAATTGCACAATCTATAAAGATTGGAATTGATAATTGTTTTTATTTTGTTGCCTTTGAAGTGGTGTGATAAAAATGAGTAGCATACAAAGCTACTGCTGCTGTTTTATTCTGCAGAAATCAAATGATCAGTGTATGAGAGTCAAAAGTGTATGTTTTCTTTCTTGTAGCTGTAAATGCAACAAAATAATGCTTATTGTTTATGTTGTGATGTATTCATATATCCCAGTTCCAGTATGTATCTTGTATCCTCACTTCTCTGGGTATTTTACCGTTCCATATAGGTTAAAATGTTGCATGCTTAGGAATTGTTCTAGTACTGCTGCTCTCTTTTTTTGGTCTTCCTTTTATTTATCACTGTATAATAAAGCATTGGTCCTTCTGGCTGAGTTTGTTCTTTTATTATTTTGCACACAGATAAACAAAAAAGGTCACTGGGAAGAACTAGTTTATTACATACTTG,EIF3B,,,,-11.87,<-20,,
M-sncRNA-10,ctgttaaccagtagaccgtaac,7410,7431,Y,Y,N,tRNA-Asn,One mismatch,3' UTR,2041,FUN_037411,TGTTAGTTATCTCTTAGAGCCTTTTTTTATAATTCTAATACTGAGACAAATGTTGACAGATTAAAAACAATTGCAGAAGAAATGTTACTAATATGACTGGTTAACATACATGTACAATAACTAATAAAGAATG,ATP5D,,,Nuclear mitochondrial gene,-11.69,<-20,Male-biased (-0.76),
29,aaaacaaagactttgggcg,7377,7359,Y,N,,tRNA-Pro,One mismatch,3' UTR,,FUN_013202,AATACTTTCGCATAGCATTCAGTATGGATTACTGCTATGGGTTTCCTAATGTATACAATTATTTCTTTTTTCACTATTAATTATGTGTTTTGACGTGCTTTGTACTTAGACGTTATCTTGTGCAAAGTCTATAGTATATGCTTTCTGCTTGTTACATTTACTTATCTGTGATATCTCTTTTCAGCTGAAAGAATATTGCGAGATGAATTATGAAGAAAATATCTATTTATTTTATTGTTATTATCAAAAAAGAAGTTTTTTTTTCTAGTCCTTAATAACCATTTGCACATTTTGAAATGTTTAATGTCTTCGTGCACGTCCTAGATTGACAAAACTTTTGTTTTCTGCCATTGGCTTGCTGCAGGTGGCATTTTAAAAATTATTTTAGACTTTCAGATCTGAAAACTATGTCATATGCCATTCGCCGGAAGTCTTTGTTTTTATCGTACATATATGACCGTGGTCGTGTTGAGTTGTCACGCATTTGAATTTTTGTTTTGTTTCTGAATGTATAATCTTCATCAGATTGGCTATA,Hypothetical,,,,-19.83,<-20,,
29,aaaacaaagactttgggcg,7377,7359,Y,N,,tRNA-Pro,One mismatch,3' UTR,,FUN_019385,CAGTTTATAGTGATGTCAAGCACTGGAGCATCATGCTGCAGACATGTGGCATGATGTCCCACCCAGTCACATTATCCTGACACCAGGCCAACCAGTCCTAACTTCTTAATGCTGAGTGCCAAGCGTGGCAGCTGTTAGTACTATTTTTTAAAGTCTTTGTTATGACTTGGCTGGGGTTTAAAC,Hypothetical,,,,-11.66,<-20,,
29,aaaacaaagactttgggcg,7377,7359,Y,N,,tRNA-Pro,One mismatch,3' UTR,,FUN_036064,TAGCTCCATTGCTTGATGGACATCAAAATTAAAACAAAACATATAGTTTGTATTCCAATTTCATGTATTATCTGAATTTGTATTGATCAAAAAGATGATTGCATCAATGATGAAGATAGCACTGTTTTTTTTACAATGCCTTTCATTTTTTTCACTACATGGTTCATACAGCCTTGAAGAGAATTTTTCCATGGATTTTTAAAAGATCTCCACATCTTTCCAAGGAGTATTTATACTTATGGAAAGTGGGTCATACTTCCATTCTGAAATATAGACACAGTTAATCCCAAGTCACGTCACAATTCTGAGTAAGTTAAGTCATCCATTAGCAAAGGTGATTGGCCTGCCACAAAGCAAAGTTATTCTACTCCATACTGGTGGGATGTGTTAATTGCTCCATCTAATTATACTTTTCATTTCACATATTTTATTTATAAAACTGAAGTCTTTGTTGTTGTTGATGATGGCATTTTGATGATATTATTGGTCATATCATGCAAAGGAAAATGAGCTTTTCCCAAAGAATCAATGAGGTAACCAATCCTGGCTGGCCTTAATATATTCCTACAAGATTATGCATTCTGTATTATATTTTTGACAACACCTTTTCAAACTAAATCAAGTCTTTTGAAATCCAAGGAGTTTTCAAAGTAAAGTCTCAAATTCAAAGATCTTTTTGGGAGGTTGTATGAACCATGTACTAATTAAGTTTTCTTTAAATGAAATATACTGTAATGCAAATGTAGGAAAATCTTTTAGTACTGTCATTGTATAAAAAGAAAATTAGAGACAGTTTGCAACAATTGGTAGAACTGTATCTACTGCCAAAGATAAGAAGTTCTGTTCTGAATTCAATTTAAATTTGCCACAGGAAGAAATTGAAGATTTTGCATTATTAAAATAAAATATAGGGAAAATACTTTTTTTACAATCAAGAAATAAATGTACATTTATAACATGCAACTATTAATGAAAAGATTGTATTATTATATCTTTAAATAAAATTATATTTACAAGTGTCA,Hypothetical,,,,-14.65,<-20,,
3,aagatgcgtagaatata,16163,16179,Y,Y ,Y,MORF,One mismatch at 3' terminal,3' UTR,2347,FUN_044554,ACTTTTATACACAAAATGGTCTCACAACAAAAACGTCTCCATAACATATGATGTTGTTAAACCAATCTATGAAATAGGAAATATTCATTACTATAAACTGAAACCGGGCAATGTGCATTGAAGTCTTGCATAGTCACTCAAAGGTCCATAAATCTTACCTCTTTTGAAAGATTTCTACGCATCGTTTGTTTTCTTGTACTACTACTGTTTTCTTTCAAAAGTTAGTGGCAAGCAGATATGCCTAAATGTGAGTACAAATTGTAATGATGACAAACGAAATACAAATATTCATGACGATTTTCCAGGTTCTTGCTATTGCTACTACTACCACCACTTTAAACCAATTATTATTATT,GCNT1,,,Selectively involved in synthesis of mucin-type core 2 O-glycans,-12.99,<-20,Female-biased (3.75),
7,aagatgcgtagaatagggc,16163,16181,Y,Y,Y,MORF,One mismatch,3' UTR,2347,FUN_044554,ACTTTTATACACAAAATGGTCTCACAACAAAAACGTCTCCATAACATATGATGTTGTTAAACCAATCTATGAAATAGGAAATATTCATTACTATAAACTGAAACCGGGCAATGTGCATTGAAGTCTTGCATAGTCACTCAAAGGTCCATAAATCTTACCTCTTTTGAAAGATTTCTACGCATCGTTTGTTTTCTTGTACTACTACTGTTTTCTTTCAAAAGTTAGTGGCAAGCAGATATGCCTAAATGTGAGTACAAATTGTAATGATGACAAACGAAATACAAATATTCATGACGATTTTCCAGGTTCTTGCTATTGCTACTACTACCACCACTTTAAACCAATTATTATTATT,GCNT1,,,Selectively involved in synthesis of mucin-type core 2 O-glycans,-12.45,<-20,Female-biased (3.75),
32,tgagctgagttaagaccgg,7668,7686,N,N,,16S,Perfect match to reference,3' UTR,,FUN_006500,AGTTGAAGGATATATATTACAGTATGAAAAAAAAGTTTGTTCAGATATTCCGAAACTTTGCACTCTAGAAATCTAAGAGTTGAATATTTGTTATTTAAAAGTACATGTATTATACTTATTATCTAAGACAGAATTTAAAATCTCTTCATGCCATTTATTTTTAGCTCATGTAGCCAGGCCTTAAGGCTATACAAACTTATTTTAGATTGCTGTGTCCACTATCAGTCAGCAAGTTCTATTTTCCAATTGTTCTCAAAGATCACAAAATCAATTGCAGCTAAGTTTGGCAGATATTTCAATCTATTCAAATATCCTCCATCAAATTTGGTTACTAAATGTCTTCTCAAAAACCACTGCTCTGAATTTGAACCAAGTCTGACTTGTGAGCAACTGCCCATTTATTTGCTCATAAGTAGATGGCAGTAAGATGGGCTATGAAAGACTGATTTAGACCTCTTCTTGCTTCTCTCTGGTCATCAATGCACAATTGTAATTTATATTGAACATCATTTTTACAAATATTGAACCAATTTTTTTATAAACTATGTATCTTTTACTCATTAGCATTATAATTAATTCAGAATTGAATGAAACATTTTAAACATATTGGACAAAAAATTATGGTATTAATTTGTATTGGTCACAACCTAAGTGTAAAGTAGCTCTGCCAAACAATTCATATGGGTAATTACATAATGTTTAACACATGGCTTGCAGCATCATGGGTCTTGTGGTCCACTACCATCATATACTACTACTACTATATGATGAACAGTTGTCAATATGTTCATGAAAACTTCATTATCTGTGATAAATTTGAGCACATGTAAAAAAAATTCACTACTTTGTTATATTCACACAACATATACTTGTTATTTGCATCTTATTCCAATGACACAAAGAATTACGTAGAATTATGACTAAAGTATTTGTGAACCTTCATATTTGTTTCTAACTGCCCACCGATTTTAAAAACAAGAAGCATCAAGGATATACAAAAAATGTAAAAAACCTATTAATTTATTTCATTGATTTATAAGATATAACCCGATTGTCATCAGGGGGTCCCAAACACTGTCAACTTGTTGGCATATTGAACCAAATGGGAGTTTCTTTAGGAACACAATTGCTGTTTTTTAAGTTGAGTCCTACTGCAAATAACAGAGACCCTGATCTGCTAATGCAGATTTGTTCTACTGATCACTCCTAACAATCTGCATAGATCCAGATAATGCAGTTAACTCAGCTCAAAAGCAGGTAAATGTAATATGTACAGTTTGTATGCCTGTCATAATATTTAAGTCTATTTTTAATCAATGTTTTTTTAATGTCTGTTGTGAATAAAAAATTGAATATGAAGTTTAGACTTCTTTCTGATATAAAACCAGTAATTATAATAAGTCATTAAAGTTTATTAATAATATGTCAGTTGTATAATATTTTGTATCTAATACAAT,ENO4,,,,-9.33,<-20,,
32,tgagctgagttaagaccgg,7668,7686,N,N,,16S,Perfect match to reference,3' UTR,,FUN_041228,AAAGCTTCCAATATAGACAGAGTTAGGGAATGAATAAACAACTTCCAGGATATGAGAATATAGGCAGTGAAAAAAATCCTTACACTCTGATTTATGTTGCAATTTATGGAGACAGGAATTTACAGAGTGTTGACTTACCTCTCAGTGCATTATAGAATGTTGACTGACATCATATGATACCAAGGCCTGTTCAACACTGTCATGTACACTAAGAAATAAAAAATGAGTTTTTTATTCTTTGGCTGTTTTTTTAATCTTATTTTCATGCCTAAAATAATTATTGCTTTATTAACTGTACTAGTCTAAAAAATAAATATTCCTTATTGCAGATGAAAGATTAAGATAGGCTAATTGATATATTGCAAAACTTTTATTGTTATATATAACTCAGCTCTGTTCCG,NUDCD1,,,,-12.19,<-20,,
sptan1,TAAGTGTCACCTTACAGAGAATTCAATACTATACA,8511,8544,N,N,,16S,,3' UTR,823,FUN_014527,TAACATCAATATATTATCAGTTTGTAGGTGATTTTTTTTATTTCTTTGTAATTTCTTAAAAGGATTGGGTCAGTTTTATTTAAATACCTTTAAAATATGACCTCATGGTTATATGAATGCAATAACTATTGTAACTGCATATTTAGGCACTTCCAGTGTTTGCTTGCTAGTGCTTTTTCATGTATTTATTGGCAGTTTGTTTTGCTTACCAACCATATTATCCTACCAGCACAACTGGCAATAACTATTAAGTTTTAAAAAAAAACACCTACAAATTTTCTAAAATATTGTTAGGCACATAATTGTCTTTTTAGAATCGAGTTCAATTAAGAAATTATTTCATAATGTTTAGCTACAAATTATGCAGTGTAATTTTATGTATGCATGTACAAGTTTTCATCTTGATGTTACTTTTGTGTAATCTGTTTACAGTTAATAAAGTCTTCAATGAAATTAAATACTGATAAAACTGTTCACTACATCAATGAATGACTTGGCACAAAGTACTCTTATGTTAAAGTTAAAAGTTGGATGGATTGCAGTAGTAGGAATCATGTTTCAAGATACACAATCATGTGAAAAAATACTCTTATGAATTCTCTGAAAGATGACACTACATTTCATTATGGAGGTGCTTAACCTTTGACAGTATAACATAGAATCTGTATAGTGAAGTTATTCCTTTTGTGTATTTTAACCCTTTTTTTGAGAGCAATGATCAGAAAATGCTGTCAAATTGGCAGAAAATGTTCTTGATGACCTTGTCAAAATCAATGGACTGGAATCTAGGCATATCTCTCAGATCAGGATACAATATTGTTTCTGACTTGAAACAATTCAGATATATTAAAAAACTTTCATTATTCTCATTTATTTTAAATTGTGACAGCTTAATGCAATACTGTGCTTCTCAGCCATTTTAGTACATTGTCATTCTAAATAAACTGCATATTGAATA,SPTAN1,,,Spectrins are a family of filamentous cytoskeletal proteins that function as essential scaffold proteins that stabilize the plasma membrane and organize intracellular organelles. Spectrins are composed of alpha and beta dimers that associate to form tetramers linked in a head-to-head arrangement. This gene encodes an alpha spectrin that is specifically expressed in nonerythrocytic cells. The encoded protein has been implicated in other cellular functions including DNA repair and cell cycle regulation. Mutations in this gene are the cause of early infantile epileptic encephalopathy-5. Alternate splicing results in multiple transcript variants.,-19.02,-28.99,Female biased (1.08),"RNAup predicted, but not RNA_Hybrid"
emc1,AAAACAGACTCTTTATTGTACGAAAGGACCTAAAA,7603,7636,Y?,Y?,,16S,,3' UTR,2001,FUN_036840,GTAGCATTTAGATGCTTAAGGCCTGTATTGAGGCATTCAATATTTAAGGTTCCTATCAAGAGGCATTCAAATGCTCAAGGCCTATTCAAGGTATCATTTAGTTGCTTAAGGCCTGTATTGAGGCATTTAAATGTTTAAAGCCTATAATCAAGAGGCATTCATATGCTCAAAGCCTATTTCAAGATGGCATTCAGATGCTTAAGGCCCATATCACAGTTGAATTCATATGCTGAAGGCCTAAGAGGGTCATTTTGTTTTAATAGTGGCATTCCAGTCAAACCCTTTCAATCGAATGAATCCAATCCATTTTTAGTCAAGCATAGGACTTGACTGATGTTAAATATTTAAAAATACATGTCTTACATCAAAAATATCTGCCAGTTATATATGTTCATATGAAATAATTTCTAATAAAAAAATTTACTTACCAGTTGTACTAGTTGTGGCTCTTGACTCCTTTACTTCACATCTTTGAGAATCGTTTGTTATTGTTCTGGTTTTATTTGGTCTTTTTTGAAGGGAAGGGGGATTTTGTTTGTTGTTTGTTTTTTTTAGGAATCATTCTTTTGTTTTATTCACTCACAAGTGGAGTCAAGCTGCAAACTGCACAGACCCATAACATCCATCATATAATGCTATGGCAGATATGGGTCTTTGCAGTTGGTTGGGAGTAACTAGTAGAACAAACAAAATAGACCCTGATATGCCAACGTATTATGTATTATACTTGGACATTATCACTAGAAGGCTTGTCGTATGCCACATTAAATGTGTTAACTTCAAGATGGTTAACTTCAAGGTCAAAGGCATCACTCAGTACACTGCTTTTCTGTGCAACTTTAAAGCTATACGATATTAAGGGATAAAAGGTGTACATCTGTATATCATCTTTAGAAGCTGTATCACATAACATTGATAGTGAAAGGGTCTTCAGTGTCAAGGTCACAGAGCAGTATTTTATATTTTACATCACTTTATTGCCCACTAACTTTAGAGATGTTTGGGAATAAGGAGTGCAAATTGGTTTATCTGTATGCATCATTTGCAGGTTATATACCACACCAGGGGTGAGAGAGCTTATCTTCAAGGTCATTATCATGGTCACTGGGGGTCATTATGGTCAAGGTCACATACCAATATCTTAACTTCTGCTAAGGCTGGAATTCCGGACCATCTTATCCAGAACTTAGGTCCATGGTCCTCTAATGCATATTGTAGATAAATTTAGGTGCACCCAGACAGAATTAGCTTTGCACAGAGACAGATGTCACATCAAGTGCCTCACTAGTTCCTTACACGCTTGTTTCAATCAATGCATTATTCGGTTGTTTACTTTGTGAGACTATCACACAATTGTTTTTTTTTATTTATTTCCATATGCTTAAGAGACACTGTAATACTGTATCTATGCTACACTATCATTTCACTGGTATCATCATCTATTAGTGCACATGTGATTTCATAACTGACTATCGAATACATATATCTAACATTCCTACCTTTGCATACATCAGGCTTTATCATGCAATCCAAATATATGTCATGCATTACCAGGCATTATTCCCCTTATAAATCCTTACCTTACTTCAAATTGGTTGCCTCGTTACAATCACATTGTTCCAGAGTCACAGTGCTTCTTTCACTTCATTTGTCCCATTGCCAAGTTTTCATTCATTTAAAAACTTTGCTTTTGAACCCCAATTTGTGTCAGTACTTAAATGTACTTGACTATTATGCCCATATAATTCATACCTGTTTCCTACGATGCATGTATGGAGTATCGGCTGATGTTTTATTATCATAGCATCCTCAGGATCAGACTTGTCGAGTTTCGATTATCATTGGCTCCACATACAGATGTTGGACACTCTTCACAACCCTACAAACTCCCACATGTCTCCTGTCTTGAGGATCCTTTAGAAAGATTCATAGCTGGGCTGGTGCAGTGTGATGTGACAGGATTTGCTCCCATTATGCGAAAGAGATAATTTTATATGTACAATAAAGTGTCTGTTGAACCTGTGTATTGTGTGTTATTTAAACTTATGTTAATTACTTTTACCCTTATTGAATTCACAGTAGCTAAGTTGGTACAGTGTTGAACATGTAATCAAGTTATTACCAATATTTGAGTTCAATTTACAAACTTTTTTTCACATTGTAAATAAATTATTTGGTAAATTTA,EMC1,,,Part of the endoplasmic reticulum membrane protein complex (EMC) that enables the energy-independent insertion into endoplasmic reticulum membranes of newly synthesized membrane proteins,-15.76,-25.01,Female biased  (0.59),"RNAup predicted, but not RNA_Hybrid"
